Copyright 1986-2021 Xilinx, Inc. All Rights Reserved.
--------------------------------------------------------------------------------------------------------------------------------------------------------------------------------
| Tool Version : Vivado v.2021.1 (win64) Build 3247384 Thu Jun 10 19:36:33 MDT 2021
| Date         : Mon Mar  9 16:56:14 2026
| Host         : DESKTOP-PQ1PAHT running 64-bit major release  (build 9200)
| Command      : report_timing_summary -max_paths 10 -file top_timing_summary_routed.rpt -pb top_timing_summary_routed.pb -rpx top_timing_summary_routed.rpx -warn_on_violation
| Design       : top
| Device       : 7a35t-cpg236
| Speed File   : -1  PRODUCTION 1.23 2018-06-13
--------------------------------------------------------------------------------------------------------------------------------------------------------------------------------

Timing Summary Report

------------------------------------------------------------------------------------------------
| Timer Settings
| --------------
------------------------------------------------------------------------------------------------

  Enable Multi Corner Analysis               :  Yes
  Enable Pessimism Removal                   :  Yes
  Pessimism Removal Resolution               :  Nearest Common Node
  Enable Input Delay Default Clock           :  No
  Enable Preset / Clear Arcs                 :  No
  Disable Flight Delays                      :  No
  Ignore I/O Paths                           :  No
  Timing Early Launch at Borrowing Latches   :  No
  Borrow Time for Max Delay Exceptions       :  Yes
  Merge Timing Exceptions                    :  Yes

  Corner  Analyze    Analyze    
  Name    Max Paths  Min Paths  
  ------  ---------  ---------  
  Slow    Yes        Yes        
  Fast    Yes        Yes        


------------------------------------------------------------------------------------------------
| Report Methodology
| ------------------
------------------------------------------------------------------------------------------------

Rule       Severity  Description                    Violations  
---------  --------  -----------------------------  ----------  
TIMING-18  Warning   Missing input or output delay  25          

Note: This report is based on the most recent report_methodology run and may not be up-to-date. Run report_methodology on the current design for the latest report.



check_timing report

Table of Contents
-----------------
1. checking no_clock (0)
2. checking constant_clock (0)
3. checking pulse_width_clock (0)
4. checking unconstrained_internal_endpoints (0)
5. checking no_input_delay (8)
6. checking no_output_delay (19)
7. checking multiple_clock (0)
8. checking generated_clocks (0)
9. checking loops (0)
10. checking partial_input_delay (0)
11. checking partial_output_delay (0)
12. checking latch_loops (0)

1. checking no_clock (0)
------------------------
 There are 0 register/latch pins with no clock.


2. checking constant_clock (0)
------------------------------
 There are 0 register/latch pins with constant_clock.


3. checking pulse_width_clock (0)
---------------------------------
 There are 0 register/latch pins which need pulse_width check


4. checking unconstrained_internal_endpoints (0)
------------------------------------------------
 There are 0 pins that are not constrained for maximum delay.

 There are 0 pins that are not constrained for maximum delay due to constant clock.


5. checking no_input_delay (8)
------------------------------
 There are 8 input ports with no input delay specified. (HIGH)

 There are 0 input ports with no input delay but user has a false path constraint.


6. checking no_output_delay (19)
--------------------------------
 There are 19 ports with no output delay specified. (HIGH)

 There are 0 ports with no output delay but user has a false path constraint

 There are 0 ports with no output delay but with a timing clock defined on it or propagating through it


7. checking multiple_clock (0)
------------------------------
 There are 0 register/latch pins with multiple clocks.


8. checking generated_clocks (0)
--------------------------------
 There are 0 generated clocks that are not connected to a clock source.


9. checking loops (0)
---------------------
 There are 0 combinational loops in the design.


10. checking partial_input_delay (0)
------------------------------------
 There are 0 input ports with partial input delay specified.


11. checking partial_output_delay (0)
-------------------------------------
 There are 0 ports with partial output delay specified.


12. checking latch_loops (0)
----------------------------
 There are 0 combinational latch loops in the design through latch input



------------------------------------------------------------------------------------------------
| Design Timing Summary
| ---------------------
------------------------------------------------------------------------------------------------

    WNS(ns)      TNS(ns)  TNS Failing Endpoints  TNS Total Endpoints      WHS(ns)      THS(ns)  THS Failing Endpoints  THS Total Endpoints     WPWS(ns)     TPWS(ns)  TPWS Failing Endpoints  TPWS Total Endpoints  
    -------      -------  ---------------------  -------------------      -------      -------  ---------------------  -------------------     --------     --------  ----------------------  --------------------  
      3.087        0.000                      0                  714        0.111        0.000                      0                  714        4.500        0.000                       0                   460  


All user specified timing constraints are met.


------------------------------------------------------------------------------------------------
| Clock Summary
| -------------
------------------------------------------------------------------------------------------------

Clock        Waveform(ns)       Period(ns)      Frequency(MHz)
-----        ------------       ----------      --------------
sys_clk_pin  {0.000 5.000}      10.000          100.000         


------------------------------------------------------------------------------------------------
| Intra Clock Table
| -----------------
------------------------------------------------------------------------------------------------

Clock             WNS(ns)      TNS(ns)  TNS Failing Endpoints  TNS Total Endpoints      WHS(ns)      THS(ns)  THS Failing Endpoints  THS Total Endpoints     WPWS(ns)     TPWS(ns)  TPWS Failing Endpoints  TPWS Total Endpoints  
-----             -------      -------  ---------------------  -------------------      -------      -------  ---------------------  -------------------     --------     --------  ----------------------  --------------------  
sys_clk_pin         3.087        0.000                      0                  714        0.111        0.000                      0                  714        4.500        0.000                       0                   460  


------------------------------------------------------------------------------------------------
| Inter Clock Table
| -----------------
------------------------------------------------------------------------------------------------

From Clock    To Clock          WNS(ns)      TNS(ns)  TNS Failing Endpoints  TNS Total Endpoints      WHS(ns)      THS(ns)  THS Failing Endpoints  THS Total Endpoints  
----------    --------          -------      -------  ---------------------  -------------------      -------      -------  ---------------------  -------------------  


------------------------------------------------------------------------------------------------
| Other Path Groups Table
| -----------------------
------------------------------------------------------------------------------------------------

Path Group    From Clock    To Clock          WNS(ns)      TNS(ns)  TNS Failing Endpoints  TNS Total Endpoints      WHS(ns)      THS(ns)  THS Failing Endpoints  THS Total Endpoints  
----------    ----------    --------          -------      -------  ---------------------  -------------------      -------      -------  ---------------------  -------------------  


------------------------------------------------------------------------------------------------
| Timing Details
| --------------
------------------------------------------------------------------------------------------------


---------------------------------------------------------------------------------------------------
From Clock:  sys_clk_pin
  To Clock:  sys_clk_pin

Setup :            0  Failing Endpoints,  Worst Slack        3.087ns,  Total Violation        0.000ns
Hold  :            0  Failing Endpoints,  Worst Slack        0.111ns,  Total Violation        0.000ns
PW    :            0  Failing Endpoints,  Worst Slack        4.500ns,  Total Violation        0.000ns
---------------------------------------------------------------------------------------------------


Max Delay Paths
--------------------------------------------------------------------------------------
Slack (MET) :             3.087ns  (required time - arrival time)
  Source:                 u_dht_controller/u_dht11_main_logic/data_reg[18]/C
                            (rising edge-triggered cell FDCE clocked by sys_clk_pin  {rise@0.000ns fall@5.000ns period=10.000ns})
  Destination:            u_dht_controller/u_dht11_main_logic/tem_int_reg[4]/D
                            (rising edge-triggered cell FDCE clocked by sys_clk_pin  {rise@0.000ns fall@5.000ns period=10.000ns})
  Path Group:             sys_clk_pin
  Path Type:              Setup (Max at Slow Process Corner)
  Requirement:            10.000ns  (sys_clk_pin rise@10.000ns - sys_clk_pin rise@0.000ns)
  Data Path Delay:        6.567ns  (logic 2.385ns (36.317%)  route 4.182ns (63.683%))
  Logic Levels:           7  (CARRY4=2 LUT2=1 LUT3=1 LUT5=1 LUT6=2)
  Clock Path Skew:        -0.041ns (DCD - SCD + CPR)
    Destination Clock Delay (DCD):    4.776ns = ( 14.776 - 10.000 ) 
    Source Clock Delay      (SCD):    5.075ns
    Clock Pessimism Removal (CPR):    0.258ns
  Clock Uncertainty:      0.035ns  ((TSJ^2 + TIJ^2)^1/2 + DJ) / 2 + PE
    Total System Jitter     (TSJ):    0.071ns
    Total Input Jitter      (TIJ):    0.000ns
    Discrete Jitter          (DJ):    0.000ns
    Phase Error              (PE):    0.000ns

    Location             Delay type                Incr(ns)  Path(ns)    Netlist Resource(s)
  -------------------------------------------------------------------    -------------------
                         (clock sys_clk_pin rise edge)
                                                      0.000     0.000 r  
    W5                                                0.000     0.000 r  clk (IN)
                         net (fo=0)                   0.000     0.000    clk
    W5                   IBUF (Prop_ibuf_I_O)         1.458     1.458 r  clk_IBUF_inst/O
                         net (fo=1, routed)           1.967     3.425    clk_IBUF
    BUFGCTRL_X0Y0        BUFG (Prop_bufg_I_O)         0.096     3.521 r  clk_IBUF_BUFG_inst/O
                         net (fo=459, routed)         1.554     5.075    u_dht_controller/u_dht11_main_logic/clk_IBUF_BUFG
    SLICE_X40Y94         FDCE                                         r  u_dht_controller/u_dht11_main_logic/data_reg[18]/C
  -------------------------------------------------------------------    -------------------
    SLICE_X40Y94         FDCE (Prop_fdce_C_Q)         0.419     5.494 r  u_dht_controller/u_dht11_main_logic/data_reg[18]/Q
                         net (fo=5, routed)           0.841     6.335    u_dht_controller/u_dht11_main_logic/data_reg_n_0_[18]
    SLICE_X40Y95         LUT3 (Prop_lut3_I0_O)        0.299     6.634 r  u_dht_controller/u_dht11_main_logic/hum_int2__2_carry_i_8/O
                         net (fo=3, routed)           0.591     7.225    u_dht_controller/u_dht11_main_logic/hum_int2__2_carry_i_8_n_0
    SLICE_X40Y94         LUT5 (Prop_lut5_I3_O)        0.153     7.378 r  u_dht_controller/u_dht11_main_logic/hum_int2__2_carry_i_2/O
                         net (fo=1, routed)           0.633     8.011    u_dht_controller/u_dht11_main_logic/hum_int2__2_carry_i_2_n_0
    SLICE_X41Y94         CARRY4 (Prop_carry4_DI[2]_CO[3])
                                                      0.601     8.612 r  u_dht_controller/u_dht11_main_logic/hum_int2__2_carry/CO[3]
                         net (fo=1, routed)           0.000     8.612    u_dht_controller/u_dht11_main_logic/hum_int2__2_carry_n_0
    SLICE_X41Y95         CARRY4 (Prop_carry4_CI_O[1])
                                                      0.334     8.946 r  u_dht_controller/u_dht11_main_logic/hum_int2__2_carry__0/O[1]
                         net (fo=1, routed)           0.438     9.384    u_dht_controller/u_dht11_main_logic/hum_int2[5]
    SLICE_X42Y94         LUT6 (Prop_lut6_I3_O)        0.303     9.687 f  u_dht_controller/u_dht11_main_logic/hum_int[7]_i_4/O
                         net (fo=1, routed)           0.282     9.969    u_dht_controller/u_dht11_main_logic/hum_int[7]_i_4_n_0
    SLICE_X42Y94         LUT6 (Prop_lut6_I4_O)        0.124    10.093 f  u_dht_controller/u_dht11_main_logic/hum_int[7]_i_3/O
                         net (fo=16, routed)          1.014    11.108    u_dht_controller/u_dht11_main_logic/hum_int[7]_i_3_n_0
    SLICE_X39Y95         LUT2 (Prop_lut2_I1_O)        0.152    11.260 r  u_dht_controller/u_dht11_main_logic/tem_int[4]_i_1/O
                         net (fo=1, routed)           0.383    11.642    u_dht_controller/u_dht11_main_logic/tem_int[4]_i_1_n_0
    SLICE_X39Y95         FDCE                                         r  u_dht_controller/u_dht11_main_logic/tem_int_reg[4]/D
  -------------------------------------------------------------------    -------------------

                         (clock sys_clk_pin rise edge)
                                                     10.000    10.000 r  
    W5                                                0.000    10.000 r  clk (IN)
                         net (fo=0)                   0.000    10.000    clk
    W5                   IBUF (Prop_ibuf_I_O)         1.388    11.388 r  clk_IBUF_inst/O
                         net (fo=1, routed)           1.862    13.250    clk_IBUF
    BUFGCTRL_X0Y0        BUFG (Prop_bufg_I_O)         0.091    13.341 r  clk_IBUF_BUFG_inst/O
                         net (fo=459, routed)         1.435    14.776    u_dht_controller/u_dht11_main_logic/clk_IBUF_BUFG
    SLICE_X39Y95         FDCE                                         r  u_dht_controller/u_dht11_main_logic/tem_int_reg[4]/C
                         clock pessimism              0.258    15.034    
                         clock uncertainty           -0.035    14.999    
    SLICE_X39Y95         FDCE (Setup_fdce_C_D)       -0.269    14.730    u_dht_controller/u_dht11_main_logic/tem_int_reg[4]
  -------------------------------------------------------------------
                         required time                         14.730    
                         arrival time                         -11.642    
  -------------------------------------------------------------------
                         slack                                  3.087    

Slack (MET) :             3.126ns  (required time - arrival time)
  Source:                 u_dht_controller/u_dht11_main_logic/data_reg[18]/C
                            (rising edge-triggered cell FDCE clocked by sys_clk_pin  {rise@0.000ns fall@5.000ns period=10.000ns})
  Destination:            u_dht_controller/u_dht11_main_logic/tem_int_reg[3]/D
                            (rising edge-triggered cell FDCE clocked by sys_clk_pin  {rise@0.000ns fall@5.000ns period=10.000ns})
  Path Group:             sys_clk_pin
  Path Type:              Setup (Max at Slow Process Corner)
  Requirement:            10.000ns  (sys_clk_pin rise@10.000ns - sys_clk_pin rise@0.000ns)
  Data Path Delay:        6.513ns  (logic 2.386ns (36.633%)  route 4.127ns (63.367%))
  Logic Levels:           7  (CARRY4=2 LUT2=1 LUT3=1 LUT5=1 LUT6=2)
  Clock Path Skew:        -0.041ns (DCD - SCD + CPR)
    Destination Clock Delay (DCD):    4.776ns = ( 14.776 - 10.000 ) 
    Source Clock Delay      (SCD):    5.075ns
    Clock Pessimism Removal (CPR):    0.258ns
  Clock Uncertainty:      0.035ns  ((TSJ^2 + TIJ^2)^1/2 + DJ) / 2 + PE
    Total System Jitter     (TSJ):    0.071ns
    Total Input Jitter      (TIJ):    0.000ns
    Discrete Jitter          (DJ):    0.000ns
    Phase Error              (PE):    0.000ns

    Location             Delay type                Incr(ns)  Path(ns)    Netlist Resource(s)
  -------------------------------------------------------------------    -------------------
                         (clock sys_clk_pin rise edge)
                                                      0.000     0.000 r  
    W5                                                0.000     0.000 r  clk (IN)
                         net (fo=0)                   0.000     0.000    clk
    W5                   IBUF (Prop_ibuf_I_O)         1.458     1.458 r  clk_IBUF_inst/O
                         net (fo=1, routed)           1.967     3.425    clk_IBUF
    BUFGCTRL_X0Y0        BUFG (Prop_bufg_I_O)         0.096     3.521 r  clk_IBUF_BUFG_inst/O
                         net (fo=459, routed)         1.554     5.075    u_dht_controller/u_dht11_main_logic/clk_IBUF_BUFG
    SLICE_X40Y94         FDCE                                         r  u_dht_controller/u_dht11_main_logic/data_reg[18]/C
  -------------------------------------------------------------------    -------------------
    SLICE_X40Y94         FDCE (Prop_fdce_C_Q)         0.419     5.494 r  u_dht_controller/u_dht11_main_logic/data_reg[18]/Q
                         net (fo=5, routed)           0.841     6.335    u_dht_controller/u_dht11_main_logic/data_reg_n_0_[18]
    SLICE_X40Y95         LUT3 (Prop_lut3_I0_O)        0.299     6.634 r  u_dht_controller/u_dht11_main_logic/hum_int2__2_carry_i_8/O
                         net (fo=3, routed)           0.591     7.225    u_dht_controller/u_dht11_main_logic/hum_int2__2_carry_i_8_n_0
    SLICE_X40Y94         LUT5 (Prop_lut5_I3_O)        0.153     7.378 r  u_dht_controller/u_dht11_main_logic/hum_int2__2_carry_i_2/O
                         net (fo=1, routed)           0.633     8.011    u_dht_controller/u_dht11_main_logic/hum_int2__2_carry_i_2_n_0
    SLICE_X41Y94         CARRY4 (Prop_carry4_DI[2]_CO[3])
                                                      0.601     8.612 r  u_dht_controller/u_dht11_main_logic/hum_int2__2_carry/CO[3]
                         net (fo=1, routed)           0.000     8.612    u_dht_controller/u_dht11_main_logic/hum_int2__2_carry_n_0
    SLICE_X41Y95         CARRY4 (Prop_carry4_CI_O[1])
                                                      0.334     8.946 r  u_dht_controller/u_dht11_main_logic/hum_int2__2_carry__0/O[1]
                         net (fo=1, routed)           0.438     9.384    u_dht_controller/u_dht11_main_logic/hum_int2[5]
    SLICE_X42Y94         LUT6 (Prop_lut6_I3_O)        0.303     9.687 f  u_dht_controller/u_dht11_main_logic/hum_int[7]_i_4/O
                         net (fo=1, routed)           0.282     9.969    u_dht_controller/u_dht11_main_logic/hum_int[7]_i_4_n_0
    SLICE_X42Y94         LUT6 (Prop_lut6_I4_O)        0.124    10.093 f  u_dht_controller/u_dht11_main_logic/hum_int[7]_i_3/O
                         net (fo=16, routed)          0.777    10.871    u_dht_controller/u_dht11_main_logic/hum_int[7]_i_3_n_0
    SLICE_X39Y95         LUT2 (Prop_lut2_I1_O)        0.153    11.024 r  u_dht_controller/u_dht11_main_logic/tem_int[3]_i_1/O
                         net (fo=1, routed)           0.565    11.588    u_dht_controller/u_dht11_main_logic/tem_int[3]_i_1_n_0
    SLICE_X39Y95         FDCE                                         r  u_dht_controller/u_dht11_main_logic/tem_int_reg[3]/D
  -------------------------------------------------------------------    -------------------

                         (clock sys_clk_pin rise edge)
                                                     10.000    10.000 r  
    W5                                                0.000    10.000 r  clk (IN)
                         net (fo=0)                   0.000    10.000    clk
    W5                   IBUF (Prop_ibuf_I_O)         1.388    11.388 r  clk_IBUF_inst/O
                         net (fo=1, routed)           1.862    13.250    clk_IBUF
    BUFGCTRL_X0Y0        BUFG (Prop_bufg_I_O)         0.091    13.341 r  clk_IBUF_BUFG_inst/O
                         net (fo=459, routed)         1.435    14.776    u_dht_controller/u_dht11_main_logic/clk_IBUF_BUFG
    SLICE_X39Y95         FDCE                                         r  u_dht_controller/u_dht11_main_logic/tem_int_reg[3]/C
                         clock pessimism              0.258    15.034    
                         clock uncertainty           -0.035    14.999    
    SLICE_X39Y95         FDCE (Setup_fdce_C_D)       -0.284    14.715    u_dht_controller/u_dht11_main_logic/tem_int_reg[3]
  -------------------------------------------------------------------
                         required time                         14.715    
                         arrival time                         -11.588    
  -------------------------------------------------------------------
                         slack                                  3.126    

Slack (MET) :             3.360ns  (required time - arrival time)
  Source:                 u_dht_controller/u_dht11_main_logic/data_reg[18]/C
                            (rising edge-triggered cell FDCE clocked by sys_clk_pin  {rise@0.000ns fall@5.000ns period=10.000ns})
  Destination:            u_dht_controller/u_dht11_main_logic/tem_int_reg[2]/D
                            (rising edge-triggered cell FDCE clocked by sys_clk_pin  {rise@0.000ns fall@5.000ns period=10.000ns})
  Path Group:             sys_clk_pin
  Path Type:              Setup (Max at Slow Process Corner)
  Requirement:            10.000ns  (sys_clk_pin rise@10.000ns - sys_clk_pin rise@0.000ns)
  Data Path Delay:        6.294ns  (logic 2.386ns (37.912%)  route 3.908ns (62.088%))
  Logic Levels:           7  (CARRY4=2 LUT2=1 LUT3=1 LUT5=1 LUT6=2)
  Clock Path Skew:        -0.041ns (DCD - SCD + CPR)
    Destination Clock Delay (DCD):    4.776ns = ( 14.776 - 10.000 ) 
    Source Clock Delay      (SCD):    5.075ns
    Clock Pessimism Removal (CPR):    0.258ns
  Clock Uncertainty:      0.035ns  ((TSJ^2 + TIJ^2)^1/2 + DJ) / 2 + PE
    Total System Jitter     (TSJ):    0.071ns
    Total Input Jitter      (TIJ):    0.000ns
    Discrete Jitter          (DJ):    0.000ns
    Phase Error              (PE):    0.000ns

    Location             Delay type                Incr(ns)  Path(ns)    Netlist Resource(s)
  -------------------------------------------------------------------    -------------------
                         (clock sys_clk_pin rise edge)
                                                      0.000     0.000 r  
    W5                                                0.000     0.000 r  clk (IN)
                         net (fo=0)                   0.000     0.000    clk
    W5                   IBUF (Prop_ibuf_I_O)         1.458     1.458 r  clk_IBUF_inst/O
                         net (fo=1, routed)           1.967     3.425    clk_IBUF
    BUFGCTRL_X0Y0        BUFG (Prop_bufg_I_O)         0.096     3.521 r  clk_IBUF_BUFG_inst/O
                         net (fo=459, routed)         1.554     5.075    u_dht_controller/u_dht11_main_logic/clk_IBUF_BUFG
    SLICE_X40Y94         FDCE                                         r  u_dht_controller/u_dht11_main_logic/data_reg[18]/C
  -------------------------------------------------------------------    -------------------
    SLICE_X40Y94         FDCE (Prop_fdce_C_Q)         0.419     5.494 r  u_dht_controller/u_dht11_main_logic/data_reg[18]/Q
                         net (fo=5, routed)           0.841     6.335    u_dht_controller/u_dht11_main_logic/data_reg_n_0_[18]
    SLICE_X40Y95         LUT3 (Prop_lut3_I0_O)        0.299     6.634 r  u_dht_controller/u_dht11_main_logic/hum_int2__2_carry_i_8/O
                         net (fo=3, routed)           0.591     7.225    u_dht_controller/u_dht11_main_logic/hum_int2__2_carry_i_8_n_0
    SLICE_X40Y94         LUT5 (Prop_lut5_I3_O)        0.153     7.378 r  u_dht_controller/u_dht11_main_logic/hum_int2__2_carry_i_2/O
                         net (fo=1, routed)           0.633     8.011    u_dht_controller/u_dht11_main_logic/hum_int2__2_carry_i_2_n_0
    SLICE_X41Y94         CARRY4 (Prop_carry4_DI[2]_CO[3])
                                                      0.601     8.612 r  u_dht_controller/u_dht11_main_logic/hum_int2__2_carry/CO[3]
                         net (fo=1, routed)           0.000     8.612    u_dht_controller/u_dht11_main_logic/hum_int2__2_carry_n_0
    SLICE_X41Y95         CARRY4 (Prop_carry4_CI_O[1])
                                                      0.334     8.946 r  u_dht_controller/u_dht11_main_logic/hum_int2__2_carry__0/O[1]
                         net (fo=1, routed)           0.438     9.384    u_dht_controller/u_dht11_main_logic/hum_int2[5]
    SLICE_X42Y94         LUT6 (Prop_lut6_I3_O)        0.303     9.687 f  u_dht_controller/u_dht11_main_logic/hum_int[7]_i_4/O
                         net (fo=1, routed)           0.282     9.969    u_dht_controller/u_dht11_main_logic/hum_int[7]_i_4_n_0
    SLICE_X42Y94         LUT6 (Prop_lut6_I4_O)        0.124    10.093 f  u_dht_controller/u_dht11_main_logic/hum_int[7]_i_3/O
                         net (fo=16, routed)          0.623    10.717    u_dht_controller/u_dht11_main_logic/hum_int[7]_i_3_n_0
    SLICE_X40Y95         LUT2 (Prop_lut2_I1_O)        0.153    10.870 r  u_dht_controller/u_dht11_main_logic/tem_int[2]_i_1/O
                         net (fo=1, routed)           0.499    11.368    u_dht_controller/u_dht11_main_logic/tem_int[2]_i_1_n_0
    SLICE_X39Y95         FDCE                                         r  u_dht_controller/u_dht11_main_logic/tem_int_reg[2]/D
  -------------------------------------------------------------------    -------------------

                         (clock sys_clk_pin rise edge)
                                                     10.000    10.000 r  
    W5                                                0.000    10.000 r  clk (IN)
                         net (fo=0)                   0.000    10.000    clk
    W5                   IBUF (Prop_ibuf_I_O)         1.388    11.388 r  clk_IBUF_inst/O
                         net (fo=1, routed)           1.862    13.250    clk_IBUF
    BUFGCTRL_X0Y0        BUFG (Prop_bufg_I_O)         0.091    13.341 r  clk_IBUF_BUFG_inst/O
                         net (fo=459, routed)         1.435    14.776    u_dht_controller/u_dht11_main_logic/clk_IBUF_BUFG
    SLICE_X39Y95         FDCE                                         r  u_dht_controller/u_dht11_main_logic/tem_int_reg[2]/C
                         clock pessimism              0.258    15.034    
                         clock uncertainty           -0.035    14.999    
    SLICE_X39Y95         FDCE (Setup_fdce_C_D)       -0.270    14.729    u_dht_controller/u_dht11_main_logic/tem_int_reg[2]
  -------------------------------------------------------------------
                         required time                         14.729    
                         arrival time                         -11.368    
  -------------------------------------------------------------------
                         slack                                  3.360    

Slack (MET) :             3.373ns  (required time - arrival time)
  Source:                 u_dht_controller/u_dht11_main_logic/data_reg[18]/C
                            (rising edge-triggered cell FDCE clocked by sys_clk_pin  {rise@0.000ns fall@5.000ns period=10.000ns})
  Destination:            u_dht_controller/u_dht11_main_logic/tem_int_reg[6]/D
                            (rising edge-triggered cell FDCE clocked by sys_clk_pin  {rise@0.000ns fall@5.000ns period=10.000ns})
  Path Group:             sys_clk_pin
  Path Type:              Setup (Max at Slow Process Corner)
  Requirement:            10.000ns  (sys_clk_pin rise@10.000ns - sys_clk_pin rise@0.000ns)
  Data Path Delay:        6.286ns  (logic 2.386ns (37.958%)  route 3.900ns (62.042%))
  Logic Levels:           7  (CARRY4=2 LUT2=1 LUT3=1 LUT5=1 LUT6=2)
  Clock Path Skew:        -0.041ns (DCD - SCD + CPR)
    Destination Clock Delay (DCD):    4.776ns = ( 14.776 - 10.000 ) 
    Source Clock Delay      (SCD):    5.075ns
    Clock Pessimism Removal (CPR):    0.258ns
  Clock Uncertainty:      0.035ns  ((TSJ^2 + TIJ^2)^1/2 + DJ) / 2 + PE
    Total System Jitter     (TSJ):    0.071ns
    Total Input Jitter      (TIJ):    0.000ns
    Discrete Jitter          (DJ):    0.000ns
    Phase Error              (PE):    0.000ns

    Location             Delay type                Incr(ns)  Path(ns)    Netlist Resource(s)
  -------------------------------------------------------------------    -------------------
                         (clock sys_clk_pin rise edge)
                                                      0.000     0.000 r  
    W5                                                0.000     0.000 r  clk (IN)
                         net (fo=0)                   0.000     0.000    clk
    W5                   IBUF (Prop_ibuf_I_O)         1.458     1.458 r  clk_IBUF_inst/O
                         net (fo=1, routed)           1.967     3.425    clk_IBUF
    BUFGCTRL_X0Y0        BUFG (Prop_bufg_I_O)         0.096     3.521 r  clk_IBUF_BUFG_inst/O
                         net (fo=459, routed)         1.554     5.075    u_dht_controller/u_dht11_main_logic/clk_IBUF_BUFG
    SLICE_X40Y94         FDCE                                         r  u_dht_controller/u_dht11_main_logic/data_reg[18]/C
  -------------------------------------------------------------------    -------------------
    SLICE_X40Y94         FDCE (Prop_fdce_C_Q)         0.419     5.494 r  u_dht_controller/u_dht11_main_logic/data_reg[18]/Q
                         net (fo=5, routed)           0.841     6.335    u_dht_controller/u_dht11_main_logic/data_reg_n_0_[18]
    SLICE_X40Y95         LUT3 (Prop_lut3_I0_O)        0.299     6.634 r  u_dht_controller/u_dht11_main_logic/hum_int2__2_carry_i_8/O
                         net (fo=3, routed)           0.591     7.225    u_dht_controller/u_dht11_main_logic/hum_int2__2_carry_i_8_n_0
    SLICE_X40Y94         LUT5 (Prop_lut5_I3_O)        0.153     7.378 r  u_dht_controller/u_dht11_main_logic/hum_int2__2_carry_i_2/O
                         net (fo=1, routed)           0.633     8.011    u_dht_controller/u_dht11_main_logic/hum_int2__2_carry_i_2_n_0
    SLICE_X41Y94         CARRY4 (Prop_carry4_DI[2]_CO[3])
                                                      0.601     8.612 r  u_dht_controller/u_dht11_main_logic/hum_int2__2_carry/CO[3]
                         net (fo=1, routed)           0.000     8.612    u_dht_controller/u_dht11_main_logic/hum_int2__2_carry_n_0
    SLICE_X41Y95         CARRY4 (Prop_carry4_CI_O[1])
                                                      0.334     8.946 r  u_dht_controller/u_dht11_main_logic/hum_int2__2_carry__0/O[1]
                         net (fo=1, routed)           0.438     9.384    u_dht_controller/u_dht11_main_logic/hum_int2[5]
    SLICE_X42Y94         LUT6 (Prop_lut6_I3_O)        0.303     9.687 f  u_dht_controller/u_dht11_main_logic/hum_int[7]_i_4/O
                         net (fo=1, routed)           0.282     9.969    u_dht_controller/u_dht11_main_logic/hum_int[7]_i_4_n_0
    SLICE_X42Y94         LUT6 (Prop_lut6_I4_O)        0.124    10.093 f  u_dht_controller/u_dht11_main_logic/hum_int[7]_i_3/O
                         net (fo=16, routed)          0.626    10.719    u_dht_controller/u_dht11_main_logic/hum_int[7]_i_3_n_0
    SLICE_X42Y95         LUT2 (Prop_lut2_I1_O)        0.153    10.872 r  u_dht_controller/u_dht11_main_logic/tem_int[6]_i_1/O
                         net (fo=1, routed)           0.489    11.361    u_dht_controller/u_dht11_main_logic/tem_int[6]_i_1_n_0
    SLICE_X39Y95         FDCE                                         r  u_dht_controller/u_dht11_main_logic/tem_int_reg[6]/D
  -------------------------------------------------------------------    -------------------

                         (clock sys_clk_pin rise edge)
                                                     10.000    10.000 r  
    W5                                                0.000    10.000 r  clk (IN)
                         net (fo=0)                   0.000    10.000    clk
    W5                   IBUF (Prop_ibuf_I_O)         1.388    11.388 r  clk_IBUF_inst/O
                         net (fo=1, routed)           1.862    13.250    clk_IBUF
    BUFGCTRL_X0Y0        BUFG (Prop_bufg_I_O)         0.091    13.341 r  clk_IBUF_BUFG_inst/O
                         net (fo=459, routed)         1.435    14.776    u_dht_controller/u_dht11_main_logic/clk_IBUF_BUFG
    SLICE_X39Y95         FDCE                                         r  u_dht_controller/u_dht11_main_logic/tem_int_reg[6]/C
                         clock pessimism              0.258    15.034    
                         clock uncertainty           -0.035    14.999    
    SLICE_X39Y95         FDCE (Setup_fdce_C_D)       -0.265    14.734    u_dht_controller/u_dht11_main_logic/tem_int_reg[6]
  -------------------------------------------------------------------
                         required time                         14.734    
                         arrival time                         -11.361    
  -------------------------------------------------------------------
                         slack                                  3.373    

Slack (MET) :             4.055ns  (required time - arrival time)
  Source:                 u_dht_controller/u_dht11_main_logic/data_reg[18]/C
                            (rising edge-triggered cell FDCE clocked by sys_clk_pin  {rise@0.000ns fall@5.000ns period=10.000ns})
  Destination:            u_dht_controller/u_dht11_main_logic/tem_int_reg[0]/D
                            (rising edge-triggered cell FDCE clocked by sys_clk_pin  {rise@0.000ns fall@5.000ns period=10.000ns})
  Path Group:             sys_clk_pin
  Path Type:              Setup (Max at Slow Process Corner)
  Requirement:            10.000ns  (sys_clk_pin rise@10.000ns - sys_clk_pin rise@0.000ns)
  Data Path Delay:        5.898ns  (logic 2.357ns (39.965%)  route 3.541ns (60.035%))
  Logic Levels:           7  (CARRY4=2 LUT2=1 LUT3=1 LUT5=1 LUT6=2)
  Clock Path Skew:        -0.041ns (DCD - SCD + CPR)
    Destination Clock Delay (DCD):    4.776ns = ( 14.776 - 10.000 ) 
    Source Clock Delay      (SCD):    5.075ns
    Clock Pessimism Removal (CPR):    0.258ns
  Clock Uncertainty:      0.035ns  ((TSJ^2 + TIJ^2)^1/2 + DJ) / 2 + PE
    Total System Jitter     (TSJ):    0.071ns
    Total Input Jitter      (TIJ):    0.000ns
    Discrete Jitter          (DJ):    0.000ns
    Phase Error              (PE):    0.000ns

    Location             Delay type                Incr(ns)  Path(ns)    Netlist Resource(s)
  -------------------------------------------------------------------    -------------------
                         (clock sys_clk_pin rise edge)
                                                      0.000     0.000 r  
    W5                                                0.000     0.000 r  clk (IN)
                         net (fo=0)                   0.000     0.000    clk
    W5                   IBUF (Prop_ibuf_I_O)         1.458     1.458 r  clk_IBUF_inst/O
                         net (fo=1, routed)           1.967     3.425    clk_IBUF
    BUFGCTRL_X0Y0        BUFG (Prop_bufg_I_O)         0.096     3.521 r  clk_IBUF_BUFG_inst/O
                         net (fo=459, routed)         1.554     5.075    u_dht_controller/u_dht11_main_logic/clk_IBUF_BUFG
    SLICE_X40Y94         FDCE                                         r  u_dht_controller/u_dht11_main_logic/data_reg[18]/C
  -------------------------------------------------------------------    -------------------
    SLICE_X40Y94         FDCE (Prop_fdce_C_Q)         0.419     5.494 r  u_dht_controller/u_dht11_main_logic/data_reg[18]/Q
                         net (fo=5, routed)           0.841     6.335    u_dht_controller/u_dht11_main_logic/data_reg_n_0_[18]
    SLICE_X40Y95         LUT3 (Prop_lut3_I0_O)        0.299     6.634 r  u_dht_controller/u_dht11_main_logic/hum_int2__2_carry_i_8/O
                         net (fo=3, routed)           0.591     7.225    u_dht_controller/u_dht11_main_logic/hum_int2__2_carry_i_8_n_0
    SLICE_X40Y94         LUT5 (Prop_lut5_I3_O)        0.153     7.378 r  u_dht_controller/u_dht11_main_logic/hum_int2__2_carry_i_2/O
                         net (fo=1, routed)           0.633     8.011    u_dht_controller/u_dht11_main_logic/hum_int2__2_carry_i_2_n_0
    SLICE_X41Y94         CARRY4 (Prop_carry4_DI[2]_CO[3])
                                                      0.601     8.612 r  u_dht_controller/u_dht11_main_logic/hum_int2__2_carry/CO[3]
                         net (fo=1, routed)           0.000     8.612    u_dht_controller/u_dht11_main_logic/hum_int2__2_carry_n_0
    SLICE_X41Y95         CARRY4 (Prop_carry4_CI_O[1])
                                                      0.334     8.946 r  u_dht_controller/u_dht11_main_logic/hum_int2__2_carry__0/O[1]
                         net (fo=1, routed)           0.438     9.384    u_dht_controller/u_dht11_main_logic/hum_int2[5]
    SLICE_X42Y94         LUT6 (Prop_lut6_I3_O)        0.303     9.687 f  u_dht_controller/u_dht11_main_logic/hum_int[7]_i_4/O
                         net (fo=1, routed)           0.282     9.969    u_dht_controller/u_dht11_main_logic/hum_int[7]_i_4_n_0
    SLICE_X42Y94         LUT6 (Prop_lut6_I4_O)        0.124    10.093 f  u_dht_controller/u_dht11_main_logic/hum_int[7]_i_3/O
                         net (fo=16, routed)          0.755    10.848    u_dht_controller/u_dht11_main_logic/hum_int[7]_i_3_n_0
    SLICE_X37Y94         LUT2 (Prop_lut2_I1_O)        0.124    10.972 r  u_dht_controller/u_dht11_main_logic/tem_int[0]_i_1/O
                         net (fo=1, routed)           0.000    10.972    u_dht_controller/u_dht11_main_logic/tem_int[0]_i_1_n_0
    SLICE_X37Y94         FDCE                                         r  u_dht_controller/u_dht11_main_logic/tem_int_reg[0]/D
  -------------------------------------------------------------------    -------------------

                         (clock sys_clk_pin rise edge)
                                                     10.000    10.000 r  
    W5                                                0.000    10.000 r  clk (IN)
                         net (fo=0)                   0.000    10.000    clk
    W5                   IBUF (Prop_ibuf_I_O)         1.388    11.388 r  clk_IBUF_inst/O
                         net (fo=1, routed)           1.862    13.250    clk_IBUF
    BUFGCTRL_X0Y0        BUFG (Prop_bufg_I_O)         0.091    13.341 r  clk_IBUF_BUFG_inst/O
                         net (fo=459, routed)         1.435    14.776    u_dht_controller/u_dht11_main_logic/clk_IBUF_BUFG
    SLICE_X37Y94         FDCE                                         r  u_dht_controller/u_dht11_main_logic/tem_int_reg[0]/C
                         clock pessimism              0.258    15.034    
                         clock uncertainty           -0.035    14.999    
    SLICE_X37Y94         FDCE (Setup_fdce_C_D)        0.029    15.028    u_dht_controller/u_dht11_main_logic/tem_int_reg[0]
  -------------------------------------------------------------------
                         required time                         15.028    
                         arrival time                         -10.972    
  -------------------------------------------------------------------
                         slack                                  4.055    

Slack (MET) :             4.107ns  (required time - arrival time)
  Source:                 u_dht_controller/u_dht11_main_logic/data_reg[18]/C
                            (rising edge-triggered cell FDCE clocked by sys_clk_pin  {rise@0.000ns fall@5.000ns period=10.000ns})
  Destination:            u_dht_controller/u_dht11_main_logic/tem_int_reg[1]/D
                            (rising edge-triggered cell FDCE clocked by sys_clk_pin  {rise@0.000ns fall@5.000ns period=10.000ns})
  Path Group:             sys_clk_pin
  Path Type:              Setup (Max at Slow Process Corner)
  Requirement:            10.000ns  (sys_clk_pin rise@10.000ns - sys_clk_pin rise@0.000ns)
  Data Path Delay:        5.892ns  (logic 2.351ns (39.904%)  route 3.541ns (60.096%))
  Logic Levels:           7  (CARRY4=2 LUT2=1 LUT3=1 LUT5=1 LUT6=2)
  Clock Path Skew:        -0.041ns (DCD - SCD + CPR)
    Destination Clock Delay (DCD):    4.776ns = ( 14.776 - 10.000 ) 
    Source Clock Delay      (SCD):    5.075ns
    Clock Pessimism Removal (CPR):    0.258ns
  Clock Uncertainty:      0.035ns  ((TSJ^2 + TIJ^2)^1/2 + DJ) / 2 + PE
    Total System Jitter     (TSJ):    0.071ns
    Total Input Jitter      (TIJ):    0.000ns
    Discrete Jitter          (DJ):    0.000ns
    Phase Error              (PE):    0.000ns

    Location             Delay type                Incr(ns)  Path(ns)    Netlist Resource(s)
  -------------------------------------------------------------------    -------------------
                         (clock sys_clk_pin rise edge)
                                                      0.000     0.000 r  
    W5                                                0.000     0.000 r  clk (IN)
                         net (fo=0)                   0.000     0.000    clk
    W5                   IBUF (Prop_ibuf_I_O)         1.458     1.458 r  clk_IBUF_inst/O
                         net (fo=1, routed)           1.967     3.425    clk_IBUF
    BUFGCTRL_X0Y0        BUFG (Prop_bufg_I_O)         0.096     3.521 r  clk_IBUF_BUFG_inst/O
                         net (fo=459, routed)         1.554     5.075    u_dht_controller/u_dht11_main_logic/clk_IBUF_BUFG
    SLICE_X40Y94         FDCE                                         r  u_dht_controller/u_dht11_main_logic/data_reg[18]/C
  -------------------------------------------------------------------    -------------------
    SLICE_X40Y94         FDCE (Prop_fdce_C_Q)         0.419     5.494 r  u_dht_controller/u_dht11_main_logic/data_reg[18]/Q
                         net (fo=5, routed)           0.841     6.335    u_dht_controller/u_dht11_main_logic/data_reg_n_0_[18]
    SLICE_X40Y95         LUT3 (Prop_lut3_I0_O)        0.299     6.634 r  u_dht_controller/u_dht11_main_logic/hum_int2__2_carry_i_8/O
                         net (fo=3, routed)           0.591     7.225    u_dht_controller/u_dht11_main_logic/hum_int2__2_carry_i_8_n_0
    SLICE_X40Y94         LUT5 (Prop_lut5_I3_O)        0.153     7.378 r  u_dht_controller/u_dht11_main_logic/hum_int2__2_carry_i_2/O
                         net (fo=1, routed)           0.633     8.011    u_dht_controller/u_dht11_main_logic/hum_int2__2_carry_i_2_n_0
    SLICE_X41Y94         CARRY4 (Prop_carry4_DI[2]_CO[3])
                                                      0.601     8.612 r  u_dht_controller/u_dht11_main_logic/hum_int2__2_carry/CO[3]
                         net (fo=1, routed)           0.000     8.612    u_dht_controller/u_dht11_main_logic/hum_int2__2_carry_n_0
    SLICE_X41Y95         CARRY4 (Prop_carry4_CI_O[1])
                                                      0.334     8.946 r  u_dht_controller/u_dht11_main_logic/hum_int2__2_carry__0/O[1]
                         net (fo=1, routed)           0.438     9.384    u_dht_controller/u_dht11_main_logic/hum_int2[5]
    SLICE_X42Y94         LUT6 (Prop_lut6_I3_O)        0.303     9.687 f  u_dht_controller/u_dht11_main_logic/hum_int[7]_i_4/O
                         net (fo=1, routed)           0.282     9.969    u_dht_controller/u_dht11_main_logic/hum_int[7]_i_4_n_0
    SLICE_X42Y94         LUT6 (Prop_lut6_I4_O)        0.124    10.093 f  u_dht_controller/u_dht11_main_logic/hum_int[7]_i_3/O
                         net (fo=16, routed)          0.755    10.848    u_dht_controller/u_dht11_main_logic/hum_int[7]_i_3_n_0
    SLICE_X37Y94         LUT2 (Prop_lut2_I1_O)        0.118    10.966 r  u_dht_controller/u_dht11_main_logic/tem_int[1]_i_1/O
                         net (fo=1, routed)           0.000    10.966    u_dht_controller/u_dht11_main_logic/tem_int[1]_i_1_n_0
    SLICE_X37Y94         FDCE                                         r  u_dht_controller/u_dht11_main_logic/tem_int_reg[1]/D
  -------------------------------------------------------------------    -------------------

                         (clock sys_clk_pin rise edge)
                                                     10.000    10.000 r  
    W5                                                0.000    10.000 r  clk (IN)
                         net (fo=0)                   0.000    10.000    clk
    W5                   IBUF (Prop_ibuf_I_O)         1.388    11.388 r  clk_IBUF_inst/O
                         net (fo=1, routed)           1.862    13.250    clk_IBUF
    BUFGCTRL_X0Y0        BUFG (Prop_bufg_I_O)         0.091    13.341 r  clk_IBUF_BUFG_inst/O
                         net (fo=459, routed)         1.435    14.776    u_dht_controller/u_dht11_main_logic/clk_IBUF_BUFG
    SLICE_X37Y94         FDCE                                         r  u_dht_controller/u_dht11_main_logic/tem_int_reg[1]/C
                         clock pessimism              0.258    15.034    
                         clock uncertainty           -0.035    14.999    
    SLICE_X37Y94         FDCE (Setup_fdce_C_D)        0.075    15.074    u_dht_controller/u_dht11_main_logic/tem_int_reg[1]
  -------------------------------------------------------------------
                         required time                         15.074    
                         arrival time                         -10.966    
  -------------------------------------------------------------------
                         slack                                  4.107    

Slack (MET) :             4.163ns  (required time - arrival time)
  Source:                 u_dht_controller/u_dht11_main_logic/data_reg[18]/C
                            (rising edge-triggered cell FDCE clocked by sys_clk_pin  {rise@0.000ns fall@5.000ns period=10.000ns})
  Destination:            u_dht_controller/u_dht11_main_logic/tem_int_reg[5]/D
                            (rising edge-triggered cell FDCE clocked by sys_clk_pin  {rise@0.000ns fall@5.000ns period=10.000ns})
  Path Group:             sys_clk_pin
  Path Type:              Setup (Max at Slow Process Corner)
  Requirement:            10.000ns  (sys_clk_pin rise@10.000ns - sys_clk_pin rise@0.000ns)
  Data Path Delay:        5.840ns  (logic 2.357ns (40.362%)  route 3.483ns (59.638%))
  Logic Levels:           7  (CARRY4=2 LUT2=1 LUT3=1 LUT5=1 LUT6=2)
  Clock Path Skew:        -0.041ns (DCD - SCD + CPR)
    Destination Clock Delay (DCD):    4.776ns = ( 14.776 - 10.000 ) 
    Source Clock Delay      (SCD):    5.075ns
    Clock Pessimism Removal (CPR):    0.258ns
  Clock Uncertainty:      0.035ns  ((TSJ^2 + TIJ^2)^1/2 + DJ) / 2 + PE
    Total System Jitter     (TSJ):    0.071ns
    Total Input Jitter      (TIJ):    0.000ns
    Discrete Jitter          (DJ):    0.000ns
    Phase Error              (PE):    0.000ns

    Location             Delay type                Incr(ns)  Path(ns)    Netlist Resource(s)
  -------------------------------------------------------------------    -------------------
                         (clock sys_clk_pin rise edge)
                                                      0.000     0.000 r  
    W5                                                0.000     0.000 r  clk (IN)
                         net (fo=0)                   0.000     0.000    clk
    W5                   IBUF (Prop_ibuf_I_O)         1.458     1.458 r  clk_IBUF_inst/O
                         net (fo=1, routed)           1.967     3.425    clk_IBUF
    BUFGCTRL_X0Y0        BUFG (Prop_bufg_I_O)         0.096     3.521 r  clk_IBUF_BUFG_inst/O
                         net (fo=459, routed)         1.554     5.075    u_dht_controller/u_dht11_main_logic/clk_IBUF_BUFG
    SLICE_X40Y94         FDCE                                         r  u_dht_controller/u_dht11_main_logic/data_reg[18]/C
  -------------------------------------------------------------------    -------------------
    SLICE_X40Y94         FDCE (Prop_fdce_C_Q)         0.419     5.494 r  u_dht_controller/u_dht11_main_logic/data_reg[18]/Q
                         net (fo=5, routed)           0.841     6.335    u_dht_controller/u_dht11_main_logic/data_reg_n_0_[18]
    SLICE_X40Y95         LUT3 (Prop_lut3_I0_O)        0.299     6.634 r  u_dht_controller/u_dht11_main_logic/hum_int2__2_carry_i_8/O
                         net (fo=3, routed)           0.591     7.225    u_dht_controller/u_dht11_main_logic/hum_int2__2_carry_i_8_n_0
    SLICE_X40Y94         LUT5 (Prop_lut5_I3_O)        0.153     7.378 r  u_dht_controller/u_dht11_main_logic/hum_int2__2_carry_i_2/O
                         net (fo=1, routed)           0.633     8.011    u_dht_controller/u_dht11_main_logic/hum_int2__2_carry_i_2_n_0
    SLICE_X41Y94         CARRY4 (Prop_carry4_DI[2]_CO[3])
                                                      0.601     8.612 r  u_dht_controller/u_dht11_main_logic/hum_int2__2_carry/CO[3]
                         net (fo=1, routed)           0.000     8.612    u_dht_controller/u_dht11_main_logic/hum_int2__2_carry_n_0
    SLICE_X41Y95         CARRY4 (Prop_carry4_CI_O[1])
                                                      0.334     8.946 r  u_dht_controller/u_dht11_main_logic/hum_int2__2_carry__0/O[1]
                         net (fo=1, routed)           0.438     9.384    u_dht_controller/u_dht11_main_logic/hum_int2[5]
    SLICE_X42Y94         LUT6 (Prop_lut6_I3_O)        0.303     9.687 f  u_dht_controller/u_dht11_main_logic/hum_int[7]_i_4/O
                         net (fo=1, routed)           0.282     9.969    u_dht_controller/u_dht11_main_logic/hum_int[7]_i_4_n_0
    SLICE_X42Y94         LUT6 (Prop_lut6_I4_O)        0.124    10.093 f  u_dht_controller/u_dht11_main_logic/hum_int[7]_i_3/O
                         net (fo=16, routed)          0.697    10.790    u_dht_controller/u_dht11_main_logic/hum_int[7]_i_3_n_0
    SLICE_X38Y94         LUT2 (Prop_lut2_I1_O)        0.124    10.914 r  u_dht_controller/u_dht11_main_logic/tem_int[5]_i_1/O
                         net (fo=1, routed)           0.000    10.914    u_dht_controller/u_dht11_main_logic/tem_int[5]_i_1_n_0
    SLICE_X38Y94         FDCE                                         r  u_dht_controller/u_dht11_main_logic/tem_int_reg[5]/D
  -------------------------------------------------------------------    -------------------

                         (clock sys_clk_pin rise edge)
                                                     10.000    10.000 r  
    W5                                                0.000    10.000 r  clk (IN)
                         net (fo=0)                   0.000    10.000    clk
    W5                   IBUF (Prop_ibuf_I_O)         1.388    11.388 r  clk_IBUF_inst/O
                         net (fo=1, routed)           1.862    13.250    clk_IBUF
    BUFGCTRL_X0Y0        BUFG (Prop_bufg_I_O)         0.091    13.341 r  clk_IBUF_BUFG_inst/O
                         net (fo=459, routed)         1.435    14.776    u_dht_controller/u_dht11_main_logic/clk_IBUF_BUFG
    SLICE_X38Y94         FDCE                                         r  u_dht_controller/u_dht11_main_logic/tem_int_reg[5]/C
                         clock pessimism              0.258    15.034    
                         clock uncertainty           -0.035    14.999    
    SLICE_X38Y94         FDCE (Setup_fdce_C_D)        0.079    15.078    u_dht_controller/u_dht11_main_logic/tem_int_reg[5]
  -------------------------------------------------------------------
                         required time                         15.078    
                         arrival time                         -10.914    
  -------------------------------------------------------------------
                         slack                                  4.163    

Slack (MET) :             4.167ns  (required time - arrival time)
  Source:                 u_dht_controller/u_dht11_main_logic/data_reg[18]/C
                            (rising edge-triggered cell FDCE clocked by sys_clk_pin  {rise@0.000ns fall@5.000ns period=10.000ns})
  Destination:            u_dht_controller/u_dht11_main_logic/hum_int_reg[6]/D
                            (rising edge-triggered cell FDCE clocked by sys_clk_pin  {rise@0.000ns fall@5.000ns period=10.000ns})
  Path Group:             sys_clk_pin
  Path Type:              Setup (Max at Slow Process Corner)
  Requirement:            10.000ns  (sys_clk_pin rise@10.000ns - sys_clk_pin rise@0.000ns)
  Data Path Delay:        5.836ns  (logic 2.357ns (40.390%)  route 3.479ns (59.610%))
  Logic Levels:           7  (CARRY4=2 LUT2=1 LUT3=1 LUT5=1 LUT6=2)
  Clock Path Skew:        -0.041ns (DCD - SCD + CPR)
    Destination Clock Delay (DCD):    4.776ns = ( 14.776 - 10.000 ) 
    Source Clock Delay      (SCD):    5.075ns
    Clock Pessimism Removal (CPR):    0.258ns
  Clock Uncertainty:      0.035ns  ((TSJ^2 + TIJ^2)^1/2 + DJ) / 2 + PE
    Total System Jitter     (TSJ):    0.071ns
    Total Input Jitter      (TIJ):    0.000ns
    Discrete Jitter          (DJ):    0.000ns
    Phase Error              (PE):    0.000ns

    Location             Delay type                Incr(ns)  Path(ns)    Netlist Resource(s)
  -------------------------------------------------------------------    -------------------
                         (clock sys_clk_pin rise edge)
                                                      0.000     0.000 r  
    W5                                                0.000     0.000 r  clk (IN)
                         net (fo=0)                   0.000     0.000    clk
    W5                   IBUF (Prop_ibuf_I_O)         1.458     1.458 r  clk_IBUF_inst/O
                         net (fo=1, routed)           1.967     3.425    clk_IBUF
    BUFGCTRL_X0Y0        BUFG (Prop_bufg_I_O)         0.096     3.521 r  clk_IBUF_BUFG_inst/O
                         net (fo=459, routed)         1.554     5.075    u_dht_controller/u_dht11_main_logic/clk_IBUF_BUFG
    SLICE_X40Y94         FDCE                                         r  u_dht_controller/u_dht11_main_logic/data_reg[18]/C
  -------------------------------------------------------------------    -------------------
    SLICE_X40Y94         FDCE (Prop_fdce_C_Q)         0.419     5.494 r  u_dht_controller/u_dht11_main_logic/data_reg[18]/Q
                         net (fo=5, routed)           0.841     6.335    u_dht_controller/u_dht11_main_logic/data_reg_n_0_[18]
    SLICE_X40Y95         LUT3 (Prop_lut3_I0_O)        0.299     6.634 r  u_dht_controller/u_dht11_main_logic/hum_int2__2_carry_i_8/O
                         net (fo=3, routed)           0.591     7.225    u_dht_controller/u_dht11_main_logic/hum_int2__2_carry_i_8_n_0
    SLICE_X40Y94         LUT5 (Prop_lut5_I3_O)        0.153     7.378 r  u_dht_controller/u_dht11_main_logic/hum_int2__2_carry_i_2/O
                         net (fo=1, routed)           0.633     8.011    u_dht_controller/u_dht11_main_logic/hum_int2__2_carry_i_2_n_0
    SLICE_X41Y94         CARRY4 (Prop_carry4_DI[2]_CO[3])
                                                      0.601     8.612 r  u_dht_controller/u_dht11_main_logic/hum_int2__2_carry/CO[3]
                         net (fo=1, routed)           0.000     8.612    u_dht_controller/u_dht11_main_logic/hum_int2__2_carry_n_0
    SLICE_X41Y95         CARRY4 (Prop_carry4_CI_O[1])
                                                      0.334     8.946 r  u_dht_controller/u_dht11_main_logic/hum_int2__2_carry__0/O[1]
                         net (fo=1, routed)           0.438     9.384    u_dht_controller/u_dht11_main_logic/hum_int2[5]
    SLICE_X42Y94         LUT6 (Prop_lut6_I3_O)        0.303     9.687 f  u_dht_controller/u_dht11_main_logic/hum_int[7]_i_4/O
                         net (fo=1, routed)           0.282     9.969    u_dht_controller/u_dht11_main_logic/hum_int[7]_i_4_n_0
    SLICE_X42Y94         LUT6 (Prop_lut6_I4_O)        0.124    10.093 f  u_dht_controller/u_dht11_main_logic/hum_int[7]_i_3/O
                         net (fo=16, routed)          0.693    10.786    u_dht_controller/u_dht11_main_logic/hum_int[7]_i_3_n_0
    SLICE_X38Y94         LUT2 (Prop_lut2_I1_O)        0.124    10.910 r  u_dht_controller/u_dht11_main_logic/hum_int[6]_i_1/O
                         net (fo=1, routed)           0.000    10.910    u_dht_controller/u_dht11_main_logic/hum_int[6]_i_1_n_0
    SLICE_X38Y94         FDCE                                         r  u_dht_controller/u_dht11_main_logic/hum_int_reg[6]/D
  -------------------------------------------------------------------    -------------------

                         (clock sys_clk_pin rise edge)
                                                     10.000    10.000 r  
    W5                                                0.000    10.000 r  clk (IN)
                         net (fo=0)                   0.000    10.000    clk
    W5                   IBUF (Prop_ibuf_I_O)         1.388    11.388 r  clk_IBUF_inst/O
                         net (fo=1, routed)           1.862    13.250    clk_IBUF
    BUFGCTRL_X0Y0        BUFG (Prop_bufg_I_O)         0.091    13.341 r  clk_IBUF_BUFG_inst/O
                         net (fo=459, routed)         1.435    14.776    u_dht_controller/u_dht11_main_logic/clk_IBUF_BUFG
    SLICE_X38Y94         FDCE                                         r  u_dht_controller/u_dht11_main_logic/hum_int_reg[6]/C
                         clock pessimism              0.258    15.034    
                         clock uncertainty           -0.035    14.999    
    SLICE_X38Y94         FDCE (Setup_fdce_C_D)        0.079    15.078    u_dht_controller/u_dht11_main_logic/hum_int_reg[6]
  -------------------------------------------------------------------
                         required time                         15.078    
                         arrival time                         -10.910    
  -------------------------------------------------------------------
                         slack                                  4.167    

Slack (MET) :             4.196ns  (required time - arrival time)
  Source:                 u_dht_controller/u_dht11_main_logic/data_reg[18]/C
                            (rising edge-triggered cell FDCE clocked by sys_clk_pin  {rise@0.000ns fall@5.000ns period=10.000ns})
  Destination:            u_dht_controller/u_dht11_main_logic/hum_int_reg[0]/D
                            (rising edge-triggered cell FDCE clocked by sys_clk_pin  {rise@0.000ns fall@5.000ns period=10.000ns})
  Path Group:             sys_clk_pin
  Path Type:              Setup (Max at Slow Process Corner)
  Requirement:            10.000ns  (sys_clk_pin rise@10.000ns - sys_clk_pin rise@0.000ns)
  Data Path Delay:        5.757ns  (logic 2.357ns (40.945%)  route 3.400ns (59.055%))
  Logic Levels:           7  (CARRY4=2 LUT2=1 LUT3=1 LUT5=1 LUT6=2)
  Clock Path Skew:        -0.041ns (DCD - SCD + CPR)
    Destination Clock Delay (DCD):    4.776ns = ( 14.776 - 10.000 ) 
    Source Clock Delay      (SCD):    5.075ns
    Clock Pessimism Removal (CPR):    0.258ns
  Clock Uncertainty:      0.035ns  ((TSJ^2 + TIJ^2)^1/2 + DJ) / 2 + PE
    Total System Jitter     (TSJ):    0.071ns
    Total Input Jitter      (TIJ):    0.000ns
    Discrete Jitter          (DJ):    0.000ns
    Phase Error              (PE):    0.000ns

    Location             Delay type                Incr(ns)  Path(ns)    Netlist Resource(s)
  -------------------------------------------------------------------    -------------------
                         (clock sys_clk_pin rise edge)
                                                      0.000     0.000 r  
    W5                                                0.000     0.000 r  clk (IN)
                         net (fo=0)                   0.000     0.000    clk
    W5                   IBUF (Prop_ibuf_I_O)         1.458     1.458 r  clk_IBUF_inst/O
                         net (fo=1, routed)           1.967     3.425    clk_IBUF
    BUFGCTRL_X0Y0        BUFG (Prop_bufg_I_O)         0.096     3.521 r  clk_IBUF_BUFG_inst/O
                         net (fo=459, routed)         1.554     5.075    u_dht_controller/u_dht11_main_logic/clk_IBUF_BUFG
    SLICE_X40Y94         FDCE                                         r  u_dht_controller/u_dht11_main_logic/data_reg[18]/C
  -------------------------------------------------------------------    -------------------
    SLICE_X40Y94         FDCE (Prop_fdce_C_Q)         0.419     5.494 r  u_dht_controller/u_dht11_main_logic/data_reg[18]/Q
                         net (fo=5, routed)           0.841     6.335    u_dht_controller/u_dht11_main_logic/data_reg_n_0_[18]
    SLICE_X40Y95         LUT3 (Prop_lut3_I0_O)        0.299     6.634 r  u_dht_controller/u_dht11_main_logic/hum_int2__2_carry_i_8/O
                         net (fo=3, routed)           0.591     7.225    u_dht_controller/u_dht11_main_logic/hum_int2__2_carry_i_8_n_0
    SLICE_X40Y94         LUT5 (Prop_lut5_I3_O)        0.153     7.378 r  u_dht_controller/u_dht11_main_logic/hum_int2__2_carry_i_2/O
                         net (fo=1, routed)           0.633     8.011    u_dht_controller/u_dht11_main_logic/hum_int2__2_carry_i_2_n_0
    SLICE_X41Y94         CARRY4 (Prop_carry4_DI[2]_CO[3])
                                                      0.601     8.612 r  u_dht_controller/u_dht11_main_logic/hum_int2__2_carry/CO[3]
                         net (fo=1, routed)           0.000     8.612    u_dht_controller/u_dht11_main_logic/hum_int2__2_carry_n_0
    SLICE_X41Y95         CARRY4 (Prop_carry4_CI_O[1])
                                                      0.334     8.946 r  u_dht_controller/u_dht11_main_logic/hum_int2__2_carry__0/O[1]
                         net (fo=1, routed)           0.438     9.384    u_dht_controller/u_dht11_main_logic/hum_int2[5]
    SLICE_X42Y94         LUT6 (Prop_lut6_I3_O)        0.303     9.687 f  u_dht_controller/u_dht11_main_logic/hum_int[7]_i_4/O
                         net (fo=1, routed)           0.282     9.969    u_dht_controller/u_dht11_main_logic/hum_int[7]_i_4_n_0
    SLICE_X42Y94         LUT6 (Prop_lut6_I4_O)        0.124    10.093 f  u_dht_controller/u_dht11_main_logic/hum_int[7]_i_3/O
                         net (fo=16, routed)          0.614    10.707    u_dht_controller/u_dht11_main_logic/hum_int[7]_i_3_n_0
    SLICE_X37Y95         LUT2 (Prop_lut2_I1_O)        0.124    10.831 r  u_dht_controller/u_dht11_main_logic/hum_int[0]_i_1/O
                         net (fo=1, routed)           0.000    10.831    u_dht_controller/u_dht11_main_logic/hum_int[0]_i_1_n_0
    SLICE_X37Y95         FDCE                                         r  u_dht_controller/u_dht11_main_logic/hum_int_reg[0]/D
  -------------------------------------------------------------------    -------------------

                         (clock sys_clk_pin rise edge)
                                                     10.000    10.000 r  
    W5                                                0.000    10.000 r  clk (IN)
                         net (fo=0)                   0.000    10.000    clk
    W5                   IBUF (Prop_ibuf_I_O)         1.388    11.388 r  clk_IBUF_inst/O
                         net (fo=1, routed)           1.862    13.250    clk_IBUF
    BUFGCTRL_X0Y0        BUFG (Prop_bufg_I_O)         0.091    13.341 r  clk_IBUF_BUFG_inst/O
                         net (fo=459, routed)         1.435    14.776    u_dht_controller/u_dht11_main_logic/clk_IBUF_BUFG
    SLICE_X37Y95         FDCE                                         r  u_dht_controller/u_dht11_main_logic/hum_int_reg[0]/C
                         clock pessimism              0.258    15.034    
                         clock uncertainty           -0.035    14.999    
    SLICE_X37Y95         FDCE (Setup_fdce_C_D)        0.029    15.028    u_dht_controller/u_dht11_main_logic/hum_int_reg[0]
  -------------------------------------------------------------------
                         required time                         15.028    
                         arrival time                         -10.831    
  -------------------------------------------------------------------
                         slack                                  4.196    

Slack (MET) :             4.207ns  (required time - arrival time)
  Source:                 u_dht_controller/u_dht11_main_logic/data_reg[18]/C
                            (rising edge-triggered cell FDCE clocked by sys_clk_pin  {rise@0.000ns fall@5.000ns period=10.000ns})
  Destination:            u_dht_controller/u_dht11_main_logic/tem_int_reg[7]/D
                            (rising edge-triggered cell FDCE clocked by sys_clk_pin  {rise@0.000ns fall@5.000ns period=10.000ns})
  Path Group:             sys_clk_pin
  Path Type:              Setup (Max at Slow Process Corner)
  Requirement:            10.000ns  (sys_clk_pin rise@10.000ns - sys_clk_pin rise@0.000ns)
  Data Path Delay:        5.835ns  (logic 2.352ns (40.311%)  route 3.483ns (59.689%))
  Logic Levels:           7  (CARRY4=2 LUT2=1 LUT3=1 LUT5=1 LUT6=2)
  Clock Path Skew:        -0.041ns (DCD - SCD + CPR)
    Destination Clock Delay (DCD):    4.776ns = ( 14.776 - 10.000 ) 
    Source Clock Delay      (SCD):    5.075ns
    Clock Pessimism Removal (CPR):    0.258ns
  Clock Uncertainty:      0.035ns  ((TSJ^2 + TIJ^2)^1/2 + DJ) / 2 + PE
    Total System Jitter     (TSJ):    0.071ns
    Total Input Jitter      (TIJ):    0.000ns
    Discrete Jitter          (DJ):    0.000ns
    Phase Error              (PE):    0.000ns

    Location             Delay type                Incr(ns)  Path(ns)    Netlist Resource(s)
  -------------------------------------------------------------------    -------------------
                         (clock sys_clk_pin rise edge)
                                                      0.000     0.000 r  
    W5                                                0.000     0.000 r  clk (IN)
                         net (fo=0)                   0.000     0.000    clk
    W5                   IBUF (Prop_ibuf_I_O)         1.458     1.458 r  clk_IBUF_inst/O
                         net (fo=1, routed)           1.967     3.425    clk_IBUF
    BUFGCTRL_X0Y0        BUFG (Prop_bufg_I_O)         0.096     3.521 r  clk_IBUF_BUFG_inst/O
                         net (fo=459, routed)         1.554     5.075    u_dht_controller/u_dht11_main_logic/clk_IBUF_BUFG
    SLICE_X40Y94         FDCE                                         r  u_dht_controller/u_dht11_main_logic/data_reg[18]/C
  -------------------------------------------------------------------    -------------------
    SLICE_X40Y94         FDCE (Prop_fdce_C_Q)         0.419     5.494 r  u_dht_controller/u_dht11_main_logic/data_reg[18]/Q
                         net (fo=5, routed)           0.841     6.335    u_dht_controller/u_dht11_main_logic/data_reg_n_0_[18]
    SLICE_X40Y95         LUT3 (Prop_lut3_I0_O)        0.299     6.634 r  u_dht_controller/u_dht11_main_logic/hum_int2__2_carry_i_8/O
                         net (fo=3, routed)           0.591     7.225    u_dht_controller/u_dht11_main_logic/hum_int2__2_carry_i_8_n_0
    SLICE_X40Y94         LUT5 (Prop_lut5_I3_O)        0.153     7.378 r  u_dht_controller/u_dht11_main_logic/hum_int2__2_carry_i_2/O
                         net (fo=1, routed)           0.633     8.011    u_dht_controller/u_dht11_main_logic/hum_int2__2_carry_i_2_n_0
    SLICE_X41Y94         CARRY4 (Prop_carry4_DI[2]_CO[3])
                                                      0.601     8.612 r  u_dht_controller/u_dht11_main_logic/hum_int2__2_carry/CO[3]
                         net (fo=1, routed)           0.000     8.612    u_dht_controller/u_dht11_main_logic/hum_int2__2_carry_n_0
    SLICE_X41Y95         CARRY4 (Prop_carry4_CI_O[1])
                                                      0.334     8.946 r  u_dht_controller/u_dht11_main_logic/hum_int2__2_carry__0/O[1]
                         net (fo=1, routed)           0.438     9.384    u_dht_controller/u_dht11_main_logic/hum_int2[5]
    SLICE_X42Y94         LUT6 (Prop_lut6_I3_O)        0.303     9.687 f  u_dht_controller/u_dht11_main_logic/hum_int[7]_i_4/O
                         net (fo=1, routed)           0.282     9.969    u_dht_controller/u_dht11_main_logic/hum_int[7]_i_4_n_0
    SLICE_X42Y94         LUT6 (Prop_lut6_I4_O)        0.124    10.093 f  u_dht_controller/u_dht11_main_logic/hum_int[7]_i_3/O
                         net (fo=16, routed)          0.697    10.790    u_dht_controller/u_dht11_main_logic/hum_int[7]_i_3_n_0
    SLICE_X38Y94         LUT2 (Prop_lut2_I1_O)        0.119    10.909 r  u_dht_controller/u_dht11_main_logic/tem_int[7]_i_1/O
                         net (fo=1, routed)           0.000    10.909    u_dht_controller/u_dht11_main_logic/tem_int[7]_i_1_n_0
    SLICE_X38Y94         FDCE                                         r  u_dht_controller/u_dht11_main_logic/tem_int_reg[7]/D
  -------------------------------------------------------------------    -------------------

                         (clock sys_clk_pin rise edge)
                                                     10.000    10.000 r  
    W5                                                0.000    10.000 r  clk (IN)
                         net (fo=0)                   0.000    10.000    clk
    W5                   IBUF (Prop_ibuf_I_O)         1.388    11.388 r  clk_IBUF_inst/O
                         net (fo=1, routed)           1.862    13.250    clk_IBUF
    BUFGCTRL_X0Y0        BUFG (Prop_bufg_I_O)         0.091    13.341 r  clk_IBUF_BUFG_inst/O
                         net (fo=459, routed)         1.435    14.776    u_dht_controller/u_dht11_main_logic/clk_IBUF_BUFG
    SLICE_X38Y94         FDCE                                         r  u_dht_controller/u_dht11_main_logic/tem_int_reg[7]/C
                         clock pessimism              0.258    15.034    
                         clock uncertainty           -0.035    14.999    
    SLICE_X38Y94         FDCE (Setup_fdce_C_D)        0.118    15.117    u_dht_controller/u_dht11_main_logic/tem_int_reg[7]
  -------------------------------------------------------------------
                         required time                         15.117    
                         arrival time                         -10.909    
  -------------------------------------------------------------------
                         slack                                  4.207    





Min Delay Paths
--------------------------------------------------------------------------------------
Slack (MET) :             0.111ns  (arrival time - required time)
  Source:                 u_ds1302/u_ds1302_main_logic/counter_reg[0]/C
                            (rising edge-triggered cell FDRE clocked by sys_clk_pin  {rise@0.000ns fall@5.000ns period=10.000ns})
  Destination:            u_ds1302/u_ds1302_main_logic/counter_reg[5]/D
                            (rising edge-triggered cell FDRE clocked by sys_clk_pin  {rise@0.000ns fall@5.000ns period=10.000ns})
  Path Group:             sys_clk_pin
  Path Type:              Hold (Min at Fast Process Corner)
  Requirement:            0.000ns  (sys_clk_pin rise@0.000ns - sys_clk_pin rise@0.000ns)
  Data Path Delay:        0.567ns  (logic 0.368ns (64.856%)  route 0.199ns (35.144%))
  Logic Levels:           2  (CARRY4=2)
  Clock Path Skew:        0.351ns (DCD - SCD - CPR)
    Destination Clock Delay (DCD):    2.046ns
    Source Clock Delay      (SCD):    1.445ns
    Clock Pessimism Removal (CPR):    0.249ns

    Location             Delay type                Incr(ns)  Path(ns)    Netlist Resource(s)
  -------------------------------------------------------------------    -------------------
                         (clock sys_clk_pin rise edge)
                                                      0.000     0.000 r  
    W5                                                0.000     0.000 r  clk (IN)
                         net (fo=0)                   0.000     0.000    clk
    W5                   IBUF (Prop_ibuf_I_O)         0.226     0.226 r  clk_IBUF_inst/O
                         net (fo=1, routed)           0.631     0.858    clk_IBUF
    BUFGCTRL_X0Y0        BUFG (Prop_bufg_I_O)         0.026     0.884 r  clk_IBUF_BUFG_inst/O
                         net (fo=459, routed)         0.562     1.445    u_ds1302/u_ds1302_main_logic/clk_IBUF_BUFG
    SLICE_X29Y99         FDRE                                         r  u_ds1302/u_ds1302_main_logic/counter_reg[0]/C
  -------------------------------------------------------------------    -------------------
    SLICE_X29Y99         FDRE (Prop_fdre_C_Q)         0.141     1.586 r  u_ds1302/u_ds1302_main_logic/counter_reg[0]/Q
                         net (fo=3, routed)           0.199     1.785    u_ds1302/u_ds1302_main_logic/counter[0]
    SLICE_X28Y99         CARRY4 (Prop_carry4_CYINIT_CO[3])
                                                      0.173     1.958 r  u_ds1302/u_ds1302_main_logic/counter0_carry/CO[3]
                         net (fo=1, routed)           0.001     1.959    u_ds1302/u_ds1302_main_logic/counter0_carry_n_0
    SLICE_X28Y100        CARRY4 (Prop_carry4_CI_O[0])
                                                      0.054     2.013 r  u_ds1302/u_ds1302_main_logic/counter0_carry__0/O[0]
                         net (fo=1, routed)           0.000     2.013    u_ds1302/u_ds1302_main_logic/counter0[5]
    SLICE_X28Y100        FDRE                                         r  u_ds1302/u_ds1302_main_logic/counter_reg[5]/D
  -------------------------------------------------------------------    -------------------

                         (clock sys_clk_pin rise edge)
                                                      0.000     0.000 r  
    W5                                                0.000     0.000 r  clk (IN)
                         net (fo=0)                   0.000     0.000    clk
    W5                   IBUF (Prop_ibuf_I_O)         0.414     0.414 r  clk_IBUF_inst/O
                         net (fo=1, routed)           0.685     1.099    clk_IBUF
    BUFGCTRL_X0Y0        BUFG (Prop_bufg_I_O)         0.029     1.128 r  clk_IBUF_BUFG_inst/O
                         net (fo=459, routed)         0.918     2.046    u_ds1302/u_ds1302_main_logic/clk_IBUF_BUFG
    SLICE_X28Y100        FDRE                                         r  u_ds1302/u_ds1302_main_logic/counter_reg[5]/C
                         clock pessimism             -0.249     1.797    
    SLICE_X28Y100        FDRE (Hold_fdre_C_D)         0.105     1.902    u_ds1302/u_ds1302_main_logic/counter_reg[5]
  -------------------------------------------------------------------
                         required time                         -1.902    
                         arrival time                           2.013    
  -------------------------------------------------------------------
                         slack                                  0.111    

Slack (MET) :             0.122ns  (arrival time - required time)
  Source:                 u_ds1302/u_ds1302_main_logic/counter_reg[0]/C
                            (rising edge-triggered cell FDRE clocked by sys_clk_pin  {rise@0.000ns fall@5.000ns period=10.000ns})
  Destination:            u_ds1302/u_ds1302_main_logic/counter_reg[7]/D
                            (rising edge-triggered cell FDRE clocked by sys_clk_pin  {rise@0.000ns fall@5.000ns period=10.000ns})
  Path Group:             sys_clk_pin
  Path Type:              Hold (Min at Fast Process Corner)
  Requirement:            0.000ns  (sys_clk_pin rise@0.000ns - sys_clk_pin rise@0.000ns)
  Data Path Delay:        0.578ns  (logic 0.379ns (65.524%)  route 0.199ns (34.476%))
  Logic Levels:           2  (CARRY4=2)
  Clock Path Skew:        0.351ns (DCD - SCD - CPR)
    Destination Clock Delay (DCD):    2.046ns
    Source Clock Delay      (SCD):    1.445ns
    Clock Pessimism Removal (CPR):    0.249ns

    Location             Delay type                Incr(ns)  Path(ns)    Netlist Resource(s)
  -------------------------------------------------------------------    -------------------
                         (clock sys_clk_pin rise edge)
                                                      0.000     0.000 r  
    W5                                                0.000     0.000 r  clk (IN)
                         net (fo=0)                   0.000     0.000    clk
    W5                   IBUF (Prop_ibuf_I_O)         0.226     0.226 r  clk_IBUF_inst/O
                         net (fo=1, routed)           0.631     0.858    clk_IBUF
    BUFGCTRL_X0Y0        BUFG (Prop_bufg_I_O)         0.026     0.884 r  clk_IBUF_BUFG_inst/O
                         net (fo=459, routed)         0.562     1.445    u_ds1302/u_ds1302_main_logic/clk_IBUF_BUFG
    SLICE_X29Y99         FDRE                                         r  u_ds1302/u_ds1302_main_logic/counter_reg[0]/C
  -------------------------------------------------------------------    -------------------
    SLICE_X29Y99         FDRE (Prop_fdre_C_Q)         0.141     1.586 r  u_ds1302/u_ds1302_main_logic/counter_reg[0]/Q
                         net (fo=3, routed)           0.199     1.785    u_ds1302/u_ds1302_main_logic/counter[0]
    SLICE_X28Y99         CARRY4 (Prop_carry4_CYINIT_CO[3])
                                                      0.173     1.958 r  u_ds1302/u_ds1302_main_logic/counter0_carry/CO[3]
                         net (fo=1, routed)           0.001     1.959    u_ds1302/u_ds1302_main_logic/counter0_carry_n_0
    SLICE_X28Y100        CARRY4 (Prop_carry4_CI_O[2])
                                                      0.065     2.024 r  u_ds1302/u_ds1302_main_logic/counter0_carry__0/O[2]
                         net (fo=1, routed)           0.000     2.024    u_ds1302/u_ds1302_main_logic/counter0[7]
    SLICE_X28Y100        FDRE                                         r  u_ds1302/u_ds1302_main_logic/counter_reg[7]/D
  -------------------------------------------------------------------    -------------------

                         (clock sys_clk_pin rise edge)
                                                      0.000     0.000 r  
    W5                                                0.000     0.000 r  clk (IN)
                         net (fo=0)                   0.000     0.000    clk
    W5                   IBUF (Prop_ibuf_I_O)         0.414     0.414 r  clk_IBUF_inst/O
                         net (fo=1, routed)           0.685     1.099    clk_IBUF
    BUFGCTRL_X0Y0        BUFG (Prop_bufg_I_O)         0.029     1.128 r  clk_IBUF_BUFG_inst/O
                         net (fo=459, routed)         0.918     2.046    u_ds1302/u_ds1302_main_logic/clk_IBUF_BUFG
    SLICE_X28Y100        FDRE                                         r  u_ds1302/u_ds1302_main_logic/counter_reg[7]/C
                         clock pessimism             -0.249     1.797    
    SLICE_X28Y100        FDRE (Hold_fdre_C_D)         0.105     1.902    u_ds1302/u_ds1302_main_logic/counter_reg[7]
  -------------------------------------------------------------------
                         required time                         -1.902    
                         arrival time                           2.024    
  -------------------------------------------------------------------
                         slack                                  0.122    

Slack (MET) :             0.128ns  (arrival time - required time)
  Source:                 u_tick_gen/tick_reg/C
                            (rising edge-triggered cell FDCE clocked by sys_clk_pin  {rise@0.000ns fall@5.000ns period=10.000ns})
  Destination:            u_uart_controller/u_data_sender/FSM_onehot_state_reg[2]/D
                            (rising edge-triggered cell FDCE clocked by sys_clk_pin  {rise@0.000ns fall@5.000ns period=10.000ns})
  Path Group:             sys_clk_pin
  Path Type:              Hold (Min at Fast Process Corner)
  Requirement:            0.000ns  (sys_clk_pin rise@0.000ns - sys_clk_pin rise@0.000ns)
  Data Path Delay:        0.485ns  (logic 0.186ns (38.362%)  route 0.299ns (61.638%))
  Logic Levels:           1  (LUT6=1)
  Clock Path Skew:        0.265ns (DCD - SCD - CPR)
    Destination Clock Delay (DCD):    1.957ns
    Source Clock Delay      (SCD):    1.443ns
    Clock Pessimism Removal (CPR):    0.249ns

    Location             Delay type                Incr(ns)  Path(ns)    Netlist Resource(s)
  -------------------------------------------------------------------    -------------------
                         (clock sys_clk_pin rise edge)
                                                      0.000     0.000 r  
    W5                                                0.000     0.000 r  clk (IN)
                         net (fo=0)                   0.000     0.000    clk
    W5                   IBUF (Prop_ibuf_I_O)         0.226     0.226 r  clk_IBUF_inst/O
                         net (fo=1, routed)           0.631     0.858    clk_IBUF
    BUFGCTRL_X0Y0        BUFG (Prop_bufg_I_O)         0.026     0.884 r  clk_IBUF_BUFG_inst/O
                         net (fo=459, routed)         0.560     1.443    u_tick_gen/clk_IBUF_BUFG
    SLICE_X43Y92         FDCE                                         r  u_tick_gen/tick_reg/C
  -------------------------------------------------------------------    -------------------
    SLICE_X43Y92         FDCE (Prop_fdce_C_Q)         0.141     1.584 r  u_tick_gen/tick_reg/Q
                         net (fo=4, routed)           0.299     1.883    u_uart_controller/u_data_sender/tick
    SLICE_X31Y93         LUT6 (Prop_lut6_I1_O)        0.045     1.928 r  u_uart_controller/u_data_sender/FSM_onehot_state[2]_i_1/O
                         net (fo=1, routed)           0.000     1.928    u_uart_controller/u_data_sender/FSM_onehot_state[2]_i_1_n_0
    SLICE_X31Y93         FDCE                                         r  u_uart_controller/u_data_sender/FSM_onehot_state_reg[2]/D
  -------------------------------------------------------------------    -------------------

                         (clock sys_clk_pin rise edge)
                                                      0.000     0.000 r  
    W5                                                0.000     0.000 r  clk (IN)
                         net (fo=0)                   0.000     0.000    clk
    W5                   IBUF (Prop_ibuf_I_O)         0.414     0.414 r  clk_IBUF_inst/O
                         net (fo=1, routed)           0.685     1.099    clk_IBUF
    BUFGCTRL_X0Y0        BUFG (Prop_bufg_I_O)         0.029     1.128 r  clk_IBUF_BUFG_inst/O
                         net (fo=459, routed)         0.829     1.957    u_uart_controller/u_data_sender/clk_IBUF_BUFG
    SLICE_X31Y93         FDCE                                         r  u_uart_controller/u_data_sender/FSM_onehot_state_reg[2]/C
                         clock pessimism             -0.249     1.708    
    SLICE_X31Y93         FDCE (Hold_fdce_C_D)         0.092     1.800    u_uart_controller/u_data_sender/FSM_onehot_state_reg[2]
  -------------------------------------------------------------------
                         required time                         -1.800    
                         arrival time                           1.928    
  -------------------------------------------------------------------
                         slack                                  0.128    

Slack (MET) :             0.139ns  (arrival time - required time)
  Source:                 u_btn_debounce/U_debouncer_s2/btn_state_reg/C
                            (rising edge-triggered cell FDCE clocked by sys_clk_pin  {rise@0.000ns fall@5.000ns period=10.000ns})
  Destination:            u_btn_debounce/U_debouncer_s2/count_reg[16]/D
                            (rising edge-triggered cell FDCE clocked by sys_clk_pin  {rise@0.000ns fall@5.000ns period=10.000ns})
  Path Group:             sys_clk_pin
  Path Type:              Hold (Min at Fast Process Corner)
  Requirement:            0.000ns  (sys_clk_pin rise@0.000ns - sys_clk_pin rise@0.000ns)
  Data Path Delay:        0.512ns  (logic 0.186ns (36.352%)  route 0.326ns (63.648%))
  Logic Levels:           1  (LUT4=1)
  Clock Path Skew:        0.266ns (DCD - SCD - CPR)
    Destination Clock Delay (DCD):    1.956ns
    Source Clock Delay      (SCD):    1.441ns
    Clock Pessimism Removal (CPR):    0.249ns

    Location             Delay type                Incr(ns)  Path(ns)    Netlist Resource(s)
  -------------------------------------------------------------------    -------------------
                         (clock sys_clk_pin rise edge)
                                                      0.000     0.000 r  
    W5                                                0.000     0.000 r  clk (IN)
                         net (fo=0)                   0.000     0.000    clk
    W5                   IBUF (Prop_ibuf_I_O)         0.226     0.226 r  clk_IBUF_inst/O
                         net (fo=1, routed)           0.631     0.858    clk_IBUF
    BUFGCTRL_X0Y0        BUFG (Prop_bufg_I_O)         0.026     0.884 r  clk_IBUF_BUFG_inst/O
                         net (fo=459, routed)         0.558     1.441    u_btn_debounce/U_debouncer_s2/clk_IBUF_BUFG
    SLICE_X35Y89         FDCE                                         r  u_btn_debounce/U_debouncer_s2/btn_state_reg/C
  -------------------------------------------------------------------    -------------------
    SLICE_X35Y89         FDCE (Prop_fdce_C_Q)         0.141     1.582 r  u_btn_debounce/U_debouncer_s2/btn_state_reg/Q
                         net (fo=22, routed)          0.326     1.908    u_btn_debounce/U_debouncer_s2/btn_state_reg_0
    SLICE_X36Y90         LUT4 (Prop_lut4_I3_O)        0.045     1.953 r  u_btn_debounce/U_debouncer_s2/count[16]_i_1__1/O
                         net (fo=1, routed)           0.000     1.953    u_btn_debounce/U_debouncer_s2/count[16]_i_1__1_n_0
    SLICE_X36Y90         FDCE                                         r  u_btn_debounce/U_debouncer_s2/count_reg[16]/D
  -------------------------------------------------------------------    -------------------

                         (clock sys_clk_pin rise edge)
                                                      0.000     0.000 r  
    W5                                                0.000     0.000 r  clk (IN)
                         net (fo=0)                   0.000     0.000    clk
    W5                   IBUF (Prop_ibuf_I_O)         0.414     0.414 r  clk_IBUF_inst/O
                         net (fo=1, routed)           0.685     1.099    clk_IBUF
    BUFGCTRL_X0Y0        BUFG (Prop_bufg_I_O)         0.029     1.128 r  clk_IBUF_BUFG_inst/O
                         net (fo=459, routed)         0.828     1.956    u_btn_debounce/U_debouncer_s2/clk_IBUF_BUFG
    SLICE_X36Y90         FDCE                                         r  u_btn_debounce/U_debouncer_s2/count_reg[16]/C
                         clock pessimism             -0.249     1.707    
    SLICE_X36Y90         FDCE (Hold_fdce_C_D)         0.107     1.814    u_btn_debounce/U_debouncer_s2/count_reg[16]
  -------------------------------------------------------------------
                         required time                         -1.814    
                         arrival time                           1.953    
  -------------------------------------------------------------------
                         slack                                  0.139    

Slack (MET) :             0.147ns  (arrival time - required time)
  Source:                 u_ds1302/u_ds1302_main_logic/counter_reg[0]/C
                            (rising edge-triggered cell FDRE clocked by sys_clk_pin  {rise@0.000ns fall@5.000ns period=10.000ns})
  Destination:            u_ds1302/u_ds1302_main_logic/counter_reg[6]/D
                            (rising edge-triggered cell FDRE clocked by sys_clk_pin  {rise@0.000ns fall@5.000ns period=10.000ns})
  Path Group:             sys_clk_pin
  Path Type:              Hold (Min at Fast Process Corner)
  Requirement:            0.000ns  (sys_clk_pin rise@0.000ns - sys_clk_pin rise@0.000ns)
  Data Path Delay:        0.603ns  (logic 0.404ns (66.953%)  route 0.199ns (33.047%))
  Logic Levels:           2  (CARRY4=2)
  Clock Path Skew:        0.351ns (DCD - SCD - CPR)
    Destination Clock Delay (DCD):    2.046ns
    Source Clock Delay      (SCD):    1.445ns
    Clock Pessimism Removal (CPR):    0.249ns

    Location             Delay type                Incr(ns)  Path(ns)    Netlist Resource(s)
  -------------------------------------------------------------------    -------------------
                         (clock sys_clk_pin rise edge)
                                                      0.000     0.000 r  
    W5                                                0.000     0.000 r  clk (IN)
                         net (fo=0)                   0.000     0.000    clk
    W5                   IBUF (Prop_ibuf_I_O)         0.226     0.226 r  clk_IBUF_inst/O
                         net (fo=1, routed)           0.631     0.858    clk_IBUF
    BUFGCTRL_X0Y0        BUFG (Prop_bufg_I_O)         0.026     0.884 r  clk_IBUF_BUFG_inst/O
                         net (fo=459, routed)         0.562     1.445    u_ds1302/u_ds1302_main_logic/clk_IBUF_BUFG
    SLICE_X29Y99         FDRE                                         r  u_ds1302/u_ds1302_main_logic/counter_reg[0]/C
  -------------------------------------------------------------------    -------------------
    SLICE_X29Y99         FDRE (Prop_fdre_C_Q)         0.141     1.586 r  u_ds1302/u_ds1302_main_logic/counter_reg[0]/Q
                         net (fo=3, routed)           0.199     1.785    u_ds1302/u_ds1302_main_logic/counter[0]
    SLICE_X28Y99         CARRY4 (Prop_carry4_CYINIT_CO[3])
                                                      0.173     1.958 r  u_ds1302/u_ds1302_main_logic/counter0_carry/CO[3]
                         net (fo=1, routed)           0.001     1.959    u_ds1302/u_ds1302_main_logic/counter0_carry_n_0
    SLICE_X28Y100        CARRY4 (Prop_carry4_CI_O[1])
                                                      0.090     2.049 r  u_ds1302/u_ds1302_main_logic/counter0_carry__0/O[1]
                         net (fo=1, routed)           0.000     2.049    u_ds1302/u_ds1302_main_logic/counter0[6]
    SLICE_X28Y100        FDRE                                         r  u_ds1302/u_ds1302_main_logic/counter_reg[6]/D
  -------------------------------------------------------------------    -------------------

                         (clock sys_clk_pin rise edge)
                                                      0.000     0.000 r  
    W5                                                0.000     0.000 r  clk (IN)
                         net (fo=0)                   0.000     0.000    clk
    W5                   IBUF (Prop_ibuf_I_O)         0.414     0.414 r  clk_IBUF_inst/O
                         net (fo=1, routed)           0.685     1.099    clk_IBUF
    BUFGCTRL_X0Y0        BUFG (Prop_bufg_I_O)         0.029     1.128 r  clk_IBUF_BUFG_inst/O
                         net (fo=459, routed)         0.918     2.046    u_ds1302/u_ds1302_main_logic/clk_IBUF_BUFG
    SLICE_X28Y100        FDRE                                         r  u_ds1302/u_ds1302_main_logic/counter_reg[6]/C
                         clock pessimism             -0.249     1.797    
    SLICE_X28Y100        FDRE (Hold_fdre_C_D)         0.105     1.902    u_ds1302/u_ds1302_main_logic/counter_reg[6]
  -------------------------------------------------------------------
                         required time                         -1.902    
                         arrival time                           2.049    
  -------------------------------------------------------------------
                         slack                                  0.147    

Slack (MET) :             0.147ns  (arrival time - required time)
  Source:                 u_ds1302/u_ds1302_main_logic/counter_reg[0]/C
                            (rising edge-triggered cell FDRE clocked by sys_clk_pin  {rise@0.000ns fall@5.000ns period=10.000ns})
  Destination:            u_ds1302/u_ds1302_main_logic/counter_reg[8]/D
                            (rising edge-triggered cell FDRE clocked by sys_clk_pin  {rise@0.000ns fall@5.000ns period=10.000ns})
  Path Group:             sys_clk_pin
  Path Type:              Hold (Min at Fast Process Corner)
  Requirement:            0.000ns  (sys_clk_pin rise@0.000ns - sys_clk_pin rise@0.000ns)
  Data Path Delay:        0.603ns  (logic 0.404ns (66.953%)  route 0.199ns (33.047%))
  Logic Levels:           2  (CARRY4=2)
  Clock Path Skew:        0.351ns (DCD - SCD - CPR)
    Destination Clock Delay (DCD):    2.046ns
    Source Clock Delay      (SCD):    1.445ns
    Clock Pessimism Removal (CPR):    0.249ns

    Location             Delay type                Incr(ns)  Path(ns)    Netlist Resource(s)
  -------------------------------------------------------------------    -------------------
                         (clock sys_clk_pin rise edge)
                                                      0.000     0.000 r  
    W5                                                0.000     0.000 r  clk (IN)
                         net (fo=0)                   0.000     0.000    clk
    W5                   IBUF (Prop_ibuf_I_O)         0.226     0.226 r  clk_IBUF_inst/O
                         net (fo=1, routed)           0.631     0.858    clk_IBUF
    BUFGCTRL_X0Y0        BUFG (Prop_bufg_I_O)         0.026     0.884 r  clk_IBUF_BUFG_inst/O
                         net (fo=459, routed)         0.562     1.445    u_ds1302/u_ds1302_main_logic/clk_IBUF_BUFG
    SLICE_X29Y99         FDRE                                         r  u_ds1302/u_ds1302_main_logic/counter_reg[0]/C
  -------------------------------------------------------------------    -------------------
    SLICE_X29Y99         FDRE (Prop_fdre_C_Q)         0.141     1.586 r  u_ds1302/u_ds1302_main_logic/counter_reg[0]/Q
                         net (fo=3, routed)           0.199     1.785    u_ds1302/u_ds1302_main_logic/counter[0]
    SLICE_X28Y99         CARRY4 (Prop_carry4_CYINIT_CO[3])
                                                      0.173     1.958 r  u_ds1302/u_ds1302_main_logic/counter0_carry/CO[3]
                         net (fo=1, routed)           0.001     1.959    u_ds1302/u_ds1302_main_logic/counter0_carry_n_0
    SLICE_X28Y100        CARRY4 (Prop_carry4_CI_O[3])
                                                      0.090     2.049 r  u_ds1302/u_ds1302_main_logic/counter0_carry__0/O[3]
                         net (fo=1, routed)           0.000     2.049    u_ds1302/u_ds1302_main_logic/counter0[8]
    SLICE_X28Y100        FDRE                                         r  u_ds1302/u_ds1302_main_logic/counter_reg[8]/D
  -------------------------------------------------------------------    -------------------

                         (clock sys_clk_pin rise edge)
                                                      0.000     0.000 r  
    W5                                                0.000     0.000 r  clk (IN)
                         net (fo=0)                   0.000     0.000    clk
    W5                   IBUF (Prop_ibuf_I_O)         0.414     0.414 r  clk_IBUF_inst/O
                         net (fo=1, routed)           0.685     1.099    clk_IBUF
    BUFGCTRL_X0Y0        BUFG (Prop_bufg_I_O)         0.029     1.128 r  clk_IBUF_BUFG_inst/O
                         net (fo=459, routed)         0.918     2.046    u_ds1302/u_ds1302_main_logic/clk_IBUF_BUFG
    SLICE_X28Y100        FDRE                                         r  u_ds1302/u_ds1302_main_logic/counter_reg[8]/C
                         clock pessimism             -0.249     1.797    
    SLICE_X28Y100        FDRE (Hold_fdre_C_D)         0.105     1.902    u_ds1302/u_ds1302_main_logic/counter_reg[8]
  -------------------------------------------------------------------
                         required time                         -1.902    
                         arrival time                           2.049    
  -------------------------------------------------------------------
                         slack                                  0.147    

Slack (MET) :             0.150ns  (arrival time - required time)
  Source:                 u_ds1302/u_ds1302_main_logic/counter_reg[0]/C
                            (rising edge-triggered cell FDRE clocked by sys_clk_pin  {rise@0.000ns fall@5.000ns period=10.000ns})
  Destination:            u_ds1302/u_ds1302_main_logic/counter_reg[9]/D
                            (rising edge-triggered cell FDRE clocked by sys_clk_pin  {rise@0.000ns fall@5.000ns period=10.000ns})
  Path Group:             sys_clk_pin
  Path Type:              Hold (Min at Fast Process Corner)
  Requirement:            0.000ns  (sys_clk_pin rise@0.000ns - sys_clk_pin rise@0.000ns)
  Data Path Delay:        0.606ns  (logic 0.407ns (67.116%)  route 0.199ns (32.884%))
  Logic Levels:           3  (CARRY4=3)
  Clock Path Skew:        0.351ns (DCD - SCD - CPR)
    Destination Clock Delay (DCD):    2.046ns
    Source Clock Delay      (SCD):    1.445ns
    Clock Pessimism Removal (CPR):    0.249ns

    Location             Delay type                Incr(ns)  Path(ns)    Netlist Resource(s)
  -------------------------------------------------------------------    -------------------
                         (clock sys_clk_pin rise edge)
                                                      0.000     0.000 r  
    W5                                                0.000     0.000 r  clk (IN)
                         net (fo=0)                   0.000     0.000    clk
    W5                   IBUF (Prop_ibuf_I_O)         0.226     0.226 r  clk_IBUF_inst/O
                         net (fo=1, routed)           0.631     0.858    clk_IBUF
    BUFGCTRL_X0Y0        BUFG (Prop_bufg_I_O)         0.026     0.884 r  clk_IBUF_BUFG_inst/O
                         net (fo=459, routed)         0.562     1.445    u_ds1302/u_ds1302_main_logic/clk_IBUF_BUFG
    SLICE_X29Y99         FDRE                                         r  u_ds1302/u_ds1302_main_logic/counter_reg[0]/C
  -------------------------------------------------------------------    -------------------
    SLICE_X29Y99         FDRE (Prop_fdre_C_Q)         0.141     1.586 r  u_ds1302/u_ds1302_main_logic/counter_reg[0]/Q
                         net (fo=3, routed)           0.199     1.785    u_ds1302/u_ds1302_main_logic/counter[0]
    SLICE_X28Y99         CARRY4 (Prop_carry4_CYINIT_CO[3])
                                                      0.173     1.958 r  u_ds1302/u_ds1302_main_logic/counter0_carry/CO[3]
                         net (fo=1, routed)           0.001     1.959    u_ds1302/u_ds1302_main_logic/counter0_carry_n_0
    SLICE_X28Y100        CARRY4 (Prop_carry4_CI_CO[3])
                                                      0.039     1.998 r  u_ds1302/u_ds1302_main_logic/counter0_carry__0/CO[3]
                         net (fo=1, routed)           0.000     1.998    u_ds1302/u_ds1302_main_logic/counter0_carry__0_n_0
    SLICE_X28Y101        CARRY4 (Prop_carry4_CI_O[0])
                                                      0.054     2.052 r  u_ds1302/u_ds1302_main_logic/counter0_carry__1/O[0]
                         net (fo=1, routed)           0.000     2.052    u_ds1302/u_ds1302_main_logic/counter0[9]
    SLICE_X28Y101        FDRE                                         r  u_ds1302/u_ds1302_main_logic/counter_reg[9]/D
  -------------------------------------------------------------------    -------------------

                         (clock sys_clk_pin rise edge)
                                                      0.000     0.000 r  
    W5                                                0.000     0.000 r  clk (IN)
                         net (fo=0)                   0.000     0.000    clk
    W5                   IBUF (Prop_ibuf_I_O)         0.414     0.414 r  clk_IBUF_inst/O
                         net (fo=1, routed)           0.685     1.099    clk_IBUF
    BUFGCTRL_X0Y0        BUFG (Prop_bufg_I_O)         0.029     1.128 r  clk_IBUF_BUFG_inst/O
                         net (fo=459, routed)         0.918     2.046    u_ds1302/u_ds1302_main_logic/clk_IBUF_BUFG
    SLICE_X28Y101        FDRE                                         r  u_ds1302/u_ds1302_main_logic/counter_reg[9]/C
                         clock pessimism             -0.249     1.797    
    SLICE_X28Y101        FDRE (Hold_fdre_C_D)         0.105     1.902    u_ds1302/u_ds1302_main_logic/counter_reg[9]
  -------------------------------------------------------------------
                         required time                         -1.902    
                         arrival time                           2.052    
  -------------------------------------------------------------------
                         slack                                  0.150    

Slack (MET) :             0.154ns  (arrival time - required time)
  Source:                 u_btn_debounce/U_debouncer_s2/btn_state_reg/C
                            (rising edge-triggered cell FDCE clocked by sys_clk_pin  {rise@0.000ns fall@5.000ns period=10.000ns})
  Destination:            u_btn_debounce/U_debouncer_s2/count_reg[15]/D
                            (rising edge-triggered cell FDCE clocked by sys_clk_pin  {rise@0.000ns fall@5.000ns period=10.000ns})
  Path Group:             sys_clk_pin
  Path Type:              Hold (Min at Fast Process Corner)
  Requirement:            0.000ns  (sys_clk_pin rise@0.000ns - sys_clk_pin rise@0.000ns)
  Data Path Delay:        0.512ns  (logic 0.186ns (36.352%)  route 0.326ns (63.648%))
  Logic Levels:           1  (LUT4=1)
  Clock Path Skew:        0.266ns (DCD - SCD - CPR)
    Destination Clock Delay (DCD):    1.956ns
    Source Clock Delay      (SCD):    1.441ns
    Clock Pessimism Removal (CPR):    0.249ns

    Location             Delay type                Incr(ns)  Path(ns)    Netlist Resource(s)
  -------------------------------------------------------------------    -------------------
                         (clock sys_clk_pin rise edge)
                                                      0.000     0.000 r  
    W5                                                0.000     0.000 r  clk (IN)
                         net (fo=0)                   0.000     0.000    clk
    W5                   IBUF (Prop_ibuf_I_O)         0.226     0.226 r  clk_IBUF_inst/O
                         net (fo=1, routed)           0.631     0.858    clk_IBUF
    BUFGCTRL_X0Y0        BUFG (Prop_bufg_I_O)         0.026     0.884 r  clk_IBUF_BUFG_inst/O
                         net (fo=459, routed)         0.558     1.441    u_btn_debounce/U_debouncer_s2/clk_IBUF_BUFG
    SLICE_X35Y89         FDCE                                         r  u_btn_debounce/U_debouncer_s2/btn_state_reg/C
  -------------------------------------------------------------------    -------------------
    SLICE_X35Y89         FDCE (Prop_fdce_C_Q)         0.141     1.582 r  u_btn_debounce/U_debouncer_s2/btn_state_reg/Q
                         net (fo=22, routed)          0.326     1.908    u_btn_debounce/U_debouncer_s2/btn_state_reg_0
    SLICE_X36Y90         LUT4 (Prop_lut4_I3_O)        0.045     1.953 r  u_btn_debounce/U_debouncer_s2/count[15]_i_1__1/O
                         net (fo=1, routed)           0.000     1.953    u_btn_debounce/U_debouncer_s2/count[15]_i_1__1_n_0
    SLICE_X36Y90         FDCE                                         r  u_btn_debounce/U_debouncer_s2/count_reg[15]/D
  -------------------------------------------------------------------    -------------------

                         (clock sys_clk_pin rise edge)
                                                      0.000     0.000 r  
    W5                                                0.000     0.000 r  clk (IN)
                         net (fo=0)                   0.000     0.000    clk
    W5                   IBUF (Prop_ibuf_I_O)         0.414     0.414 r  clk_IBUF_inst/O
                         net (fo=1, routed)           0.685     1.099    clk_IBUF
    BUFGCTRL_X0Y0        BUFG (Prop_bufg_I_O)         0.029     1.128 r  clk_IBUF_BUFG_inst/O
                         net (fo=459, routed)         0.828     1.956    u_btn_debounce/U_debouncer_s2/clk_IBUF_BUFG
    SLICE_X36Y90         FDCE                                         r  u_btn_debounce/U_debouncer_s2/count_reg[15]/C
                         clock pessimism             -0.249     1.707    
    SLICE_X36Y90         FDCE (Hold_fdce_C_D)         0.092     1.799    u_btn_debounce/U_debouncer_s2/count_reg[15]
  -------------------------------------------------------------------
                         required time                         -1.799    
                         arrival time                           1.953    
  -------------------------------------------------------------------
                         slack                                  0.154    

Slack (MET) :             0.154ns  (arrival time - required time)
  Source:                 u_uart_controller/u_data_sender/FSM_onehot_state_reg[0]/C
                            (rising edge-triggered cell FDPE clocked by sys_clk_pin  {rise@0.000ns fall@5.000ns period=10.000ns})
  Destination:            u_uart_controller/u_data_sender/tx_start_reg/D
                            (rising edge-triggered cell FDCE clocked by sys_clk_pin  {rise@0.000ns fall@5.000ns period=10.000ns})
  Path Group:             sys_clk_pin
  Path Type:              Hold (Min at Fast Process Corner)
  Requirement:            0.000ns  (sys_clk_pin rise@0.000ns - sys_clk_pin rise@0.000ns)
  Data Path Delay:        0.287ns  (logic 0.186ns (64.731%)  route 0.101ns (35.269%))
  Logic Levels:           1  (LUT5=1)
  Clock Path Skew:        0.013ns (DCD - SCD - CPR)
    Destination Clock Delay (DCD):    1.957ns
    Source Clock Delay      (SCD):    1.444ns
    Clock Pessimism Removal (CPR):    0.500ns

    Location             Delay type                Incr(ns)  Path(ns)    Netlist Resource(s)
  -------------------------------------------------------------------    -------------------
                         (clock sys_clk_pin rise edge)
                                                      0.000     0.000 r  
    W5                                                0.000     0.000 r  clk (IN)
                         net (fo=0)                   0.000     0.000    clk
    W5                   IBUF (Prop_ibuf_I_O)         0.226     0.226 r  clk_IBUF_inst/O
                         net (fo=1, routed)           0.631     0.858    clk_IBUF
    BUFGCTRL_X0Y0        BUFG (Prop_bufg_I_O)         0.026     0.884 r  clk_IBUF_BUFG_inst/O
                         net (fo=459, routed)         0.561     1.444    u_uart_controller/u_data_sender/clk_IBUF_BUFG
    SLICE_X31Y93         FDPE                                         r  u_uart_controller/u_data_sender/FSM_onehot_state_reg[0]/C
  -------------------------------------------------------------------    -------------------
    SLICE_X31Y93         FDPE (Prop_fdpe_C_Q)         0.141     1.585 r  u_uart_controller/u_data_sender/FSM_onehot_state_reg[0]/Q
                         net (fo=6, routed)           0.101     1.687    u_uart_controller/u_data_sender/FSM_onehot_state_reg_n_0_[0]
    SLICE_X30Y93         LUT5 (Prop_lut5_I3_O)        0.045     1.732 r  u_uart_controller/u_data_sender/tx_start_i_1/O
                         net (fo=1, routed)           0.000     1.732    u_uart_controller/u_data_sender/tx_start_i_1_n_0
    SLICE_X30Y93         FDCE                                         r  u_uart_controller/u_data_sender/tx_start_reg/D
  -------------------------------------------------------------------    -------------------

                         (clock sys_clk_pin rise edge)
                                                      0.000     0.000 r  
    W5                                                0.000     0.000 r  clk (IN)
                         net (fo=0)                   0.000     0.000    clk
    W5                   IBUF (Prop_ibuf_I_O)         0.414     0.414 r  clk_IBUF_inst/O
                         net (fo=1, routed)           0.685     1.099    clk_IBUF
    BUFGCTRL_X0Y0        BUFG (Prop_bufg_I_O)         0.029     1.128 r  clk_IBUF_BUFG_inst/O
                         net (fo=459, routed)         0.829     1.957    u_uart_controller/u_data_sender/clk_IBUF_BUFG
    SLICE_X30Y93         FDCE                                         r  u_uart_controller/u_data_sender/tx_start_reg/C
                         clock pessimism             -0.500     1.457    
    SLICE_X30Y93         FDCE (Hold_fdce_C_D)         0.120     1.577    u_uart_controller/u_data_sender/tx_start_reg
  -------------------------------------------------------------------
                         required time                         -1.577    
                         arrival time                           1.732    
  -------------------------------------------------------------------
                         slack                                  0.154    

Slack (MET) :             0.156ns  (arrival time - required time)
  Source:                 u_uart_controller/u_data_sender/tx_data_reg[6]/C
                            (rising edge-triggered cell FDCE clocked by sys_clk_pin  {rise@0.000ns fall@5.000ns period=10.000ns})
  Destination:            u_uart_controller/u_uart_tx/r_data_reg[6]/D
                            (rising edge-triggered cell FDCE clocked by sys_clk_pin  {rise@0.000ns fall@5.000ns period=10.000ns})
  Path Group:             sys_clk_pin
  Path Type:              Hold (Min at Fast Process Corner)
  Requirement:            0.000ns  (sys_clk_pin rise@0.000ns - sys_clk_pin rise@0.000ns)
  Data Path Delay:        0.243ns  (logic 0.141ns (58.024%)  route 0.102ns (41.976%))
  Logic Levels:           0  
  Clock Path Skew:        0.016ns (DCD - SCD - CPR)
    Destination Clock Delay (DCD):    1.956ns
    Source Clock Delay      (SCD):    1.443ns
    Clock Pessimism Removal (CPR):    0.497ns

    Location             Delay type                Incr(ns)  Path(ns)    Netlist Resource(s)
  -------------------------------------------------------------------    -------------------
                         (clock sys_clk_pin rise edge)
                                                      0.000     0.000 r  
    W5                                                0.000     0.000 r  clk (IN)
                         net (fo=0)                   0.000     0.000    clk
    W5                   IBUF (Prop_ibuf_I_O)         0.226     0.226 r  clk_IBUF_inst/O
                         net (fo=1, routed)           0.631     0.858    clk_IBUF
    BUFGCTRL_X0Y0        BUFG (Prop_bufg_I_O)         0.026     0.884 r  clk_IBUF_BUFG_inst/O
                         net (fo=459, routed)         0.560     1.443    u_uart_controller/u_data_sender/clk_IBUF_BUFG
    SLICE_X31Y92         FDCE                                         r  u_uart_controller/u_data_sender/tx_data_reg[6]/C
  -------------------------------------------------------------------    -------------------
    SLICE_X31Y92         FDCE (Prop_fdce_C_Q)         0.141     1.584 r  u_uart_controller/u_data_sender/tx_data_reg[6]/Q
                         net (fo=1, routed)           0.102     1.686    u_uart_controller/u_uart_tx/D[6]
    SLICE_X32Y92         FDCE                                         r  u_uart_controller/u_uart_tx/r_data_reg[6]/D
  -------------------------------------------------------------------    -------------------

                         (clock sys_clk_pin rise edge)
                                                      0.000     0.000 r  
    W5                                                0.000     0.000 r  clk (IN)
                         net (fo=0)                   0.000     0.000    clk
    W5                   IBUF (Prop_ibuf_I_O)         0.414     0.414 r  clk_IBUF_inst/O
                         net (fo=1, routed)           0.685     1.099    clk_IBUF
    BUFGCTRL_X0Y0        BUFG (Prop_bufg_I_O)         0.029     1.128 r  clk_IBUF_BUFG_inst/O
                         net (fo=459, routed)         0.828     1.956    u_uart_controller/u_uart_tx/clk_IBUF_BUFG
    SLICE_X32Y92         FDCE                                         r  u_uart_controller/u_uart_tx/r_data_reg[6]/C
                         clock pessimism             -0.497     1.459    
    SLICE_X32Y92         FDCE (Hold_fdce_C_D)         0.071     1.530    u_uart_controller/u_uart_tx/r_data_reg[6]
  -------------------------------------------------------------------
                         required time                         -1.530    
                         arrival time                           1.686    
  -------------------------------------------------------------------
                         slack                                  0.156    





Pulse Width Checks
--------------------------------------------------------------------------------------
Clock Name:         sys_clk_pin
Waveform(ns):       { 0.000 5.000 }
Period(ns):         10.000
Sources:            { clk }

Check Type        Corner  Lib Pin  Reference Pin  Required(ns)  Actual(ns)  Slack(ns)  Location       Pin
Min Period        n/a     BUFG/I   n/a            2.155         10.000      7.845      BUFGCTRL_X0Y0  clk_IBUF_BUFG_inst/I
Min Period        n/a     FDCE/C   n/a            1.000         10.000      9.000      SLICE_X32Y93   u_alarm_controller/alarm_hour_reg[0]/C
Min Period        n/a     FDCE/C   n/a            1.000         10.000      9.000      SLICE_X32Y93   u_alarm_controller/alarm_hour_reg[1]/C
Min Period        n/a     FDCE/C   n/a            1.000         10.000      9.000      SLICE_X33Y92   u_alarm_controller/alarm_hour_reg[2]/C
Min Period        n/a     FDCE/C   n/a            1.000         10.000      9.000      SLICE_X33Y92   u_alarm_controller/alarm_hour_reg[3]/C
Min Period        n/a     FDCE/C   n/a            1.000         10.000      9.000      SLICE_X33Y92   u_alarm_controller/alarm_hour_reg[4]/C
Min Period        n/a     FDCE/C   n/a            1.000         10.000      9.000      SLICE_X32Y94   u_alarm_controller/alarm_hour_reg[5]/C
Min Period        n/a     FDCE/C   n/a            1.000         10.000      9.000      SLICE_X32Y94   u_alarm_controller/alarm_hour_reg[6]/C
Min Period        n/a     FDCE/C   n/a            1.000         10.000      9.000      SLICE_X32Y94   u_alarm_controller/alarm_hour_reg[7]/C
Min Period        n/a     FDCE/C   n/a            1.000         10.000      9.000      SLICE_X33Y91   u_alarm_controller/alarm_min_reg[0]/C
Low Pulse Width   Slow    FDCE/C   n/a            0.500         5.000       4.500      SLICE_X32Y93   u_alarm_controller/alarm_hour_reg[0]/C
Low Pulse Width   Fast    FDCE/C   n/a            0.500         5.000       4.500      SLICE_X32Y93   u_alarm_controller/alarm_hour_reg[0]/C
Low Pulse Width   Slow    FDCE/C   n/a            0.500         5.000       4.500      SLICE_X32Y93   u_alarm_controller/alarm_hour_reg[1]/C
Low Pulse Width   Fast    FDCE/C   n/a            0.500         5.000       4.500      SLICE_X32Y93   u_alarm_controller/alarm_hour_reg[1]/C
Low Pulse Width   Slow    FDCE/C   n/a            0.500         5.000       4.500      SLICE_X33Y92   u_alarm_controller/alarm_hour_reg[2]/C
Low Pulse Width   Fast    FDCE/C   n/a            0.500         5.000       4.500      SLICE_X33Y92   u_alarm_controller/alarm_hour_reg[2]/C
Low Pulse Width   Slow    FDCE/C   n/a            0.500         5.000       4.500      SLICE_X33Y92   u_alarm_controller/alarm_hour_reg[3]/C
Low Pulse Width   Fast    FDCE/C   n/a            0.500         5.000       4.500      SLICE_X33Y92   u_alarm_controller/alarm_hour_reg[3]/C
Low Pulse Width   Slow    FDCE/C   n/a            0.500         5.000       4.500      SLICE_X33Y92   u_alarm_controller/alarm_hour_reg[4]/C
Low Pulse Width   Fast    FDCE/C   n/a            0.500         5.000       4.500      SLICE_X33Y92   u_alarm_controller/alarm_hour_reg[4]/C
High Pulse Width  Slow    FDCE/C   n/a            0.500         5.000       4.500      SLICE_X32Y93   u_alarm_controller/alarm_hour_reg[0]/C
High Pulse Width  Fast    FDCE/C   n/a            0.500         5.000       4.500      SLICE_X32Y93   u_alarm_controller/alarm_hour_reg[0]/C
High Pulse Width  Slow    FDCE/C   n/a            0.500         5.000       4.500      SLICE_X32Y93   u_alarm_controller/alarm_hour_reg[1]/C
High Pulse Width  Fast    FDCE/C   n/a            0.500         5.000       4.500      SLICE_X32Y93   u_alarm_controller/alarm_hour_reg[1]/C
High Pulse Width  Slow    FDCE/C   n/a            0.500         5.000       4.500      SLICE_X33Y92   u_alarm_controller/alarm_hour_reg[2]/C
High Pulse Width  Fast    FDCE/C   n/a            0.500         5.000       4.500      SLICE_X33Y92   u_alarm_controller/alarm_hour_reg[2]/C
High Pulse Width  Slow    FDCE/C   n/a            0.500         5.000       4.500      SLICE_X33Y92   u_alarm_controller/alarm_hour_reg[3]/C
High Pulse Width  Fast    FDCE/C   n/a            0.500         5.000       4.500      SLICE_X33Y92   u_alarm_controller/alarm_hour_reg[3]/C
High Pulse Width  Slow    FDCE/C   n/a            0.500         5.000       4.500      SLICE_X33Y92   u_alarm_controller/alarm_hour_reg[4]/C
High Pulse Width  Fast    FDCE/C   n/a            0.500         5.000       4.500      SLICE_X33Y92   u_alarm_controller/alarm_hour_reg[4]/C



